original_fp16_bits,candidate_fp16_bits,count
3207,3124,1
4945,5090,1
6842,6854,1
7729,7786,1
8318,8304,1
8361,8374,1
8910,8936,1
9011,8898,1
9117,9081,1
9348,9344,1
9361,9387,1
9399,9456,1
9576,9570,1
9621,9619,1
9719,9732,1
9768,9696,1
9773,9776,1
9963,9968,1
10097,10091,1
10144,10145,1
10250,10247,1
10301,10309,1
10307,10302,1
10339,10343,1
10349,10355,1
10363,10356,1
10367,10363,1
10381,10367,1
10414,10427,1
10465,10461,1
10469,10471,1
10470,10476,1
10487,10486,1
10566,10570,1
10571,10578,1
10590,10560,1
10600,10594,1
10606,10598,1
10655,10647,1
10668,10655,1
10677,10678,1
10694,10690,1
10714,10717,1
10736,10742,1
10873,10881,1
10957,10965,1
11002,11007,1
11058,11053,1
11207,11195,1
11321,11310,1
11329,11330,1
11388,11390,1
11388,11397,1
11405,11406,1
11413,11411,1
11426,11424,1
11458,11426,1
11495,11504,1
11520,11526,1
11533,11535,1
11575,11578,1
11588,11582,1
11598,11597,1
11687,11675,1
11701,11706,1
11817,11813,1
11856,11858,1
11870,11873,1
11873,11880,1
11877,11868,1
11877,11879,1
11882,11870,1
11895,11904,1
11929,11931,1
11961,11964,1
11961,11966,1
11983,11984,1
12016,12015,1
12030,12036,1
12031,12033,1
12064,12065,1
12080,12075,1
12135,12141,1
12137,12144,1
12169,12167,1
12192,12190,1
12218,12211,1
12241,12243,1
12250,12257,1
12252,12250,1
12267,12252,1
12277,12283,1
12278,12279,1
12302,12303,1
12307,12310,1
12343,12327,1
12344,12332,1
12345,12353,1
12357,12358,1
12385,12379,1
12421,12417,1
12447,12448,1
12454,12453,1
12456,12457,1
12457,12453,1
12466,12464,1
12479,12477,1
12491,12490,1
12498,12499,1
12502,12505,1
12504,12503,1
12525,12524,1
12542,12543,1
12561,12558,1
12566,12567,1
12584,12585,1
12594,12592,1
12597,12599,1
12598,12597,1
12600,12601,1
12639,12633,1
12653,12664,1
12697,12695,1
12701,12700,1
12711,12707,1
12722,12721,1
12722,12723,1
12733,12735,1
12737,12739,1
12760,12764,1
12777,12773,1
12791,12794,1
12798,12799,1
12801,12798,1
12804,12813,1
12837,12838,1
12864,12873,1
12879,12873,1
12897,12898,1
12900,12901,1
12914,12922,1
12925,12919,1
12925,12923,1
12940,12942,1
12951,12947,1
12959,12958,1
12967,12968,1
12989,12987,1
12994,12989,1
13010,13007,1
13022,13024,1
13035,13031,1
13088,13085,1
13100,13101,1
13102,13088,1
13105,13106,1
13145,13148,1
13147,13149,1
13148,13151,1
13158,13159,1
13159,13162,1
13166,13165,1
13172,13170,1
13177,13180,1
13197,13199,1
13208,13209,1
13209,13211,1
13239,13238,1
13252,13247,1
13274,13280,1
13295,13300,1
13299,13297,1
13302,13304,1
13326,13324,1
13340,13339,1
13345,13346,1
13355,13356,1
13376,13377,1
13380,13378,1
13397,13398,1
13397,13399,1
13413,13409,1
13413,13412,1
13416,13418,1
13420,13421,1
13425,13422,1
13425,13426,1
13429,13428,1
13447,13445,1
13452,13454,1
13456,13457,1
13458,13457,1
13461,13453,1
13461,13458,1
13466,13468,1
13479,13480,1
13484,13482,1
13487,13486,1
13495,13496,1
13501,13505,1
13504,13503,1
13526,13529,1
13529,13530,1
13532,13533,1
13539,13540,1
13562,13565,1
13575,13576,1
13578,13577,2
13584,13586,1
13585,13586,1
13586,13585,1
13593,13592,1
13595,13594,1
13602,13603,1
13610,13614,1
13615,13614,1
13616,13617,1
13618,13616,1
13618,13620,1
13635,13637,1
13638,13641,1
13642,13644,1
13644,13647,1
13655,13653,1
13661,13659,1
13671,13675,1
13673,13676,1
13676,13677,1
13688,13687,1
13689,13691,1
13690,13686,1
13691,13692,1
13692,13694,1
13694,13695,1
13698,13697,1
13704,13705,1
13708,13705,1
13711,13714,1
13715,13713,1
13721,13719,1
13724,13727,1
13730,13731,1
13734,13732,1
13738,13737,1
13739,13740,1
13741,13742,1
13742,13741,1
13755,13754,1
13760,13758,1
13761,13760,1
13764,13768,1
13765,13766,1
13765,13768,1
13779,13780,1
13806,13805,1
13820,13819,1
13829,13827,1
13829,13828,1
13830,13831,1
13839,13838,1
13843,13844,1
13853,13854,1
13854,13853,1
13861,13863,1
13865,13861,1
13867,13866,1
13872,13868,1
13876,13877,1
13879,13881,1
13898,13899,1
13903,13906,1
13909,13910,1
13911,13912,1
13912,13913,1
13915,13916,1
13921,13920,1
13925,13923,1
13933,13932,1
13938,13937,1
13952,13954,1
13956,13955,1
13969,13970,1
13973,13974,1
13974,13978,1
13979,13980,1
13980,13981,1
13981,13982,1
13988,13987,1
13990,13989,1
13997,14000,1
14002,14000,1
14007,14008,1
14008,14009,1
14011,14012,1
14012,14011,1
14022,14021,1
14027,14028,1
14029,14030,1
14038,14036,1
14039,14038,1
14043,14044,1
14047,14050,1
14049,14048,1
14057,14060,1
14058,14057,1
14062,14067,1
14068,14070,1
14081,14080,1
14097,14096,1
14098,14097,1
14107,14106,1
14113,14114,1
14119,14120,1
14120,14119,1
14121,14119,1
14135,14137,1
14142,14141,1
14161,14160,1
14162,14163,1
14163,14162,1
14168,14166,1
14173,14175,1
14176,14177,1
14179,14183,1
14193,14194,1
14197,14198,1
14199,14200,1
14210,14211,1
14218,14217,1
14218,14222,1
14221,14222,1
14229,14228,1
14232,14234,1
14240,14239,1
14241,14242,1
14242,14246,1
14243,14244,1
14270,14268,1
14272,14268,1
14273,14274,1
14280,14278,1
14280,14282,1
14283,14284,1
14305,14303,1
14316,14317,1
14328,14329,1
14336,14334,1
14340,14339,1
14342,14340,1
14343,14344,1
14346,14347,1
14347,14346,1
14359,14358,1
14365,14366,1
14371,14370,1
14377,14376,1
14379,14377,1
14383,14382,1
14385,14386,1
14386,14385,1
14388,14387,1
14394,14395,1
14398,14397,3
14409,14410,1
14410,14409,2
14413,14416,1
14414,14413,1
14422,14421,1
14422,14423,1
14436,14437,1
14442,14443,1
14444,14443,1
14449,14450,1
14451,14450,2
14451,14452,1
14454,14453,1
14456,14458,1
14472,14471,1
14472,14473,1
14476,14475,1
14487,14486,1
14494,14495,1
14498,14499,1
14507,14505,1
14508,14509,1
14509,14510,1
14518,14517,1
14518,14520,1
14527,14526,1
14534,14535,1
14535,14537,1
14536,14537,1
14544,14542,1
14544,14545,1
14548,14547,1
14549,14550,1
14554,14553,1
14554,14555,1
14562,14561,1
14562,14563,1
14565,14566,1
14569,14571,1
14572,14574,1
14573,14565,1
14573,14575,1
14576,14578,1
14579,14581,1
14582,14580,1
14582,14583,1
14588,14589,1
14590,14589,1
14591,14593,1
14591,14594,1
14593,14594,1
14595,14596,1
14597,14598,2
14600,14599,1
14611,14612,1
14613,14614,1
14620,14619,1
14626,14625,1
14627,14630,1
14629,14628,1
14629,14630,1
14630,14631,1
14631,14630,1
14637,14636,1
14639,14640,1
14640,14641,1
14644,14645,1
14645,14644,1
14646,14645,1
14655,14653,1
14656,14654,1
14660,14659,1
14665,14664,1
14665,14666,1
14669,14668,1
14677,14676,1
14683,14682,1
14683,14684,1
14684,14685,1
14688,14687,1
14689,14691,1
14697,14696,1
14699,14700,1
14703,14704,1
14704,14705,1
14711,14713,1
14714,14715,1
14721,14720,1
14722,14720,1
14722,14723,2
14727,14726,1
14728,14729,1
14730,14729,1
14733,14731,1
14733,14732,1
14734,14733,1
14734,14735,1
14735,14736,1
14741,14740,1
14742,14743,1
14753,14749,1
14753,14751,1
14753,14754,1
14754,14753,1
14756,14757,1
14762,14763,1
14762,14764,1
14763,14764,1
14765,14764,1
14766,14765,2
14767,14768,1
14768,14767,1
14769,14770,3
14776,14775,1
14778,14779,1
14779,14780,1
14780,14778,1
14780,14779,2
14784,14783,1
14785,14784,1
14788,14789,1
14788,14791,1
14793,14791,1
14805,14807,1
14806,14802,1
14807,14806,2
14810,14808,1
14812,14811,1
14816,14817,1
14820,14821,1
14821,14822,1
14822,14821,2
14834,14833,1
14837,14836,1
14838,14837,1
14840,14841,1
14841,14842,1
14846,14845,1
14848,14846,1
14848,14847,1
14852,14851,1
14853,14852,1
14854,14852,1
14854,14855,1
14856,14857,1
14873,14874,1
14874,14875,1
14875,14873,1
14875,14876,1
14877,14878,1
14878,14877,2
14878,14879,1
14888,14890,1
14891,14890,1
14892,14891,1
14892,14893,1
14899,14901,1
14915,14914,2
14921,14920,1
14923,14921,1
14925,14927,1
14927,14926,1
14931,14932,1
14932,14930,1
14937,14936,1
14947,14949,1
14948,14950,1
14949,14948,2
14950,14949,2
14953,14954,1
14955,14956,1
14963,14965,1
14964,14965,1
14965,14964,1
14966,14968,1
14967,14969,1
14969,14968,1
14969,14971,1
14970,14972,1
14973,14972,1
14981,14979,1
14981,14982,1
14982,14981,1
14984,14982,1
14985,14983,1
14986,14987,1
14987,14988,1
14989,14988,1
14990,14988,1
14994,14992,1
14996,14995,1
14997,14998,1
14999,14998,1
15000,14999,1
15000,15002,1
15004,15002,1
15009,15008,1
15011,15012,1
15018,15017,2
15025,15026,1
15031,15032,1
15033,15034,1
15038,15042,1
15039,15037,1
15045,15043,1
15045,15048,1
15046,15047,1
15048,15047,1
15050,15049,1
15055,15054,1
15057,15056,1
15066,15067,1
15069,15070,1
15070,15071,1
15072,15074,1
15073,15071,1
15074,15075,1
15077,15076,1
15080,15078,1
15086,15087,1
15087,15088,1
15088,15089,1
15089,15090,1
15092,15091,1
15094,15093,1
15096,15097,1
15097,15098,2
15100,15101,1
15102,15101,2
15107,15106,1
15110,15109,1
15111,15112,1
15112,15113,1
15114,15115,1
15116,15117,1
15117,15118,1
15118,15117,1
15125,15123,1
15125,15126,1
15126,15127,1
15127,15128,1
15138,15139,1
15140,15139,1
15141,15142,1
15145,15146,1
15146,15147,1
15148,15149,1
15149,15150,1
15150,15151,2
15152,15153,1
15156,15158,1
15157,15158,1
15159,15160,1
15161,15160,1
15167,15166,1
15173,15174,1
15175,15176,1
15176,15177,2
15180,15179,1
15183,15181,1
15183,15182,1
15186,15187,1
15187,15188,1
15188,15187,1
15188,15190,1
15191,15190,1
15192,15191,2
15192,15193,1
15194,15193,1
15194,15195,1
15195,15196,1
15196,15195,1
15196,15197,1
15198,15199,2
15202,15203,1
15204,15205,1
15206,15205,1
15207,15208,1
15209,15210,1
15211,15212,1
15217,15216,1
15218,15219,1
15222,15221,1
15227,15228,1
15228,15229,1
15229,15228,1
15231,15232,1
15233,15232,1
15233,15235,1
15237,15238,1
15238,15239,1
15240,15239,1
15240,15241,1
15246,15247,1
15247,15246,1
15249,15248,3
15249,15250,1
15250,15251,1
15251,15250,1
15260,15261,1
15262,15263,1
15262,15265,1
15266,15265,1
15267,15265,1
15267,15268,1
15269,15267,1
15270,15271,1
15273,15274,1
15274,15275,1
15276,15275,1
15280,15281,1
15281,15280,1
15282,15281,1
15286,15285,1
15288,15286,1
15288,15287,1
15293,15291,1
15295,15294,1
15295,15297,1
15296,15297,1
15298,15299,1
15300,15299,1
15302,15301,1
15313,15314,1
15314,15315,1
15315,15314,1
15319,15320,1
15322,15321,1
15323,15322,1
15325,15324,1
15326,15325,2
15328,15329,1
15329,15330,1
15329,15332,1
15331,15330,1
15334,15335,1
15335,15334,3
15335,15336,1
15336,15338,1
15342,15341,1
15343,15344,1
15344,15343,1
15345,15344,1
15346,15345,1
15346,15348,1
15352,15351,1
15352,15354,1
15353,15352,2
15353,15354,1
15357,15356,1
15357,15358,1
15359,15360,1
15363,15362,1
15364,15363,1
15364,15365,1
15365,15366,3
15366,15365,1
15366,15367,1
15367,15366,1
15367,15368,1
15369,15368,1
15370,15369,1
15373,15372,1
15375,15374,1
15376,15375,1
15376,15377,1
15377,15376,1
15378,15377,2
15382,15381,1
15383,15384,1
15384,15383,1
15384,15385,1
15385,15386,1
15387,15388,1
15389,15388,2
15389,15390,1
15390,15389,4
15390,15391,1
15391,15390,1
15393,15394,1
15394,15393,1
15398,15397,1
15401,15402,1
15403,15402,1
15405,15406,1
15406,15405,1
15408,15409,1
15409,15408,1
15411,15410,1
15411,15412,1
15412,15411,1
15414,15413,1
15414,15415,1
15419,15420,1
15422,15421,1
15422,15423,1
15424,15423,1
15424,15425,1
15425,15426,2
15426,15425,1
15427,15426,1
15428,15427,1
15431,15430,1
15432,15431,1
15432,15433,1
15436,15437,1
15439,15438,2
15441,15442,1
15442,15441,2
15443,15442,1
15443,15444,1
15444,15445,1
15445,15446,2
15446,15447,1
15447,15448,1
15449,15450,1
15451,15449,1
15451,15450,3
15452,15453,1
15453,15455,1
15454,15453,1
15456,15457,1
15458,15457,1
15458,15459,1
15459,15458,1
15459,15460,1
15460,15461,1
15461,15460,1
15461,15462,1
15462,15461,2
15462,15463,1
15462,15464,1
15463,15462,1
15464,15463,1
15465,15464,1
15470,15469,1
15472,15471,1
15478,15477,1
15479,15478,1
15483,15484,1
15485,15486,1
15487,15486,1
15489,15488,1
15493,15492,1
15496,15497,1
15497,15496,1
15498,15499,1
15499,15500,1
15500,15499,1
15500,15501,1
15502,15501,1
15503,15502,1
15504,15505,2
15505,15504,1
15506,15505,1
15507,15506,1
15509,15510,1
15512,15513,1
15512,15514,1
15515,15516,2
15518,15517,1
15518,15519,1
15519,15518,1
15519,15520,2
15524,15525,1
15526,15525,1
15527,15528,1
15532,15533,1
15533,15532,1
15534,15535,1
15537,15536,1
15539,15538,2
15539,15540,2
15540,15541,1
15542,15541,2
15543,15544,1
15547,15546,1
15549,15550,1
15551,15552,1
15552,15553,1
15553,15552,1
15554,15555,1
15555,15556,3
15557,15558,1
15558,15557,2
15559,15560,2
15562,15561,1
15562,15563,2
15566,15565,2
15566,15567,1
15568,15569,1
15569,15568,1
15569,15570,2
15574,15575,2
15575,15576,1
15576,15577,1
15577,15576,1
15577,15578,1
15578,15577,1
15578,15579,1
15579,15580,1
15581,15580,1
15581,15582,1
15582,15583,1
15583,15584,2
15584,15585,1
15587,15588,2
15591,15590,1
15591,15592,3
15594,15593,2
15596,15597,1
15599,15600,1
15601,15600,1
15602,15603,1
15606,15607,1
15607,15608,1
15609,15608,1
15609,15610,1
15610,15609,1
15611,15610,1
15611,15612,1
15616,15615,2
15618,15619,1
15619,15618,2
15619,15620,1
15620,15622,1
15622,15621,1
15624,15625,1
15625,15626,1
15628,15627,1
15629,15630,1
15630,15631,1
15634,15633,1
15634,15635,1
15635,15634,1
15637,15638,1
15638,15639,2
15639,15638,1
15642,15643,1
15645,15646,1
15646,15647,2
15647,15646,2
15647,15648,2
15648,15649,1
15651,15652,4
15652,15651,1
15653,15652,1
15653,15654,2
15654,15653,1
15656,15655,1
15656,15657,1
15657,15658,1
15660,15659,1
15661,15660,1
15661,15662,1
15662,15663,1
15665,15664,2
15666,15667,1
15667,15668,1
15669,15668,1
15670,15671,2
15672,15673,2
15673,15674,1
15675,15676,1
15677,15676,1
15678,15679,1
15679,15678,1
15680,15679,1
15680,15681,1
15684,15683,1
15685,15686,1
15688,15687,3
15688,15689,1
15689,15688,1
15689,15690,1
15691,15690,1
15691,15692,1
15697,15698,2
15698,15697,1
15698,15699,1
15699,15700,1
15703,15702,1
15706,15705,1
15706,15707,1
15707,15706,1
15711,15712,1
15712,15713,1
15713,15712,2
15716,15715,1
15716,15717,1
15717,15718,1
15718,15719,2
15719,15718,1
15719,15720,1
15720,15721,1
15721,15720,1
15723,15724,1
15725,15724,2
15727,15728,1
15728,15727,2
15729,15730,1
15733,15732,1
15737,15736,2
15739,15738,1
15739,15740,1
15740,15741,1
15741,15740,1
15741,15742,1
15742,15743,1
15743,15744,1
15744,15743,1
15748,15747,1
15748,15749,1
15749,15748,2
15751,15750,1
15753,15752,1
15753,15754,1
15756,15755,1
15757,15758,1
15759,15760,1
15760,15759,1
15761,15760,1
15761,15762,2
15763,15762,1
15763,15764,1
15764,15765,1
15765,15766,1
15766,15767,2
15767,15766,1
15767,15768,2
15768,15769,1
15769,15770,1
15771,15770,1
15771,15772,1
15773,15774,1
15776,15775,2
15777,15778,1
15777,15779,1
15778,15777,1
15779,15780,1
15782,15781,1
15783,15782,2
15783,15784,1
15784,15783,1
15784,15785,2
15786,15784,1
15787,15786,2
15788,15786,1
15788,15787,1
15789,15788,1
15789,15790,3
15790,15791,1
15791,15790,1
15792,15793,1
15793,15792,2
15793,15794,1
15794,15795,1
15795,15796,1
15796,15797,1
15797,15796,2
15797,15798,1
15798,15797,1
15799,15800,3
15801,15800,1
15801,15802,1
15802,15801,1
15802,15803,1
15803,15802,1
15804,15803,1
15804,15805,1
15807,15808,3
15808,15809,1
15809,15810,1
15810,15809,1
15810,15811,1
15811,15810,1
15811,15812,1
15812,15811,2
15812,15813,2
15813,15812,1
15815,15814,1
15817,15816,1
15817,15818,1
15818,15819,2
15819,15820,1
15820,15819,1
15821,15820,2
15822,15821,1
15823,15824,1
15824,15823,1
15825,15824,1
15825,15826,1
15826,15825,2
15827,15828,2
15829,15828,1
15831,15830,1
15832,15833,2
15833,15834,1
15835,15836,1
15836,15837,2
15837,15838,2
15839,15840,1
15839,15841,1
15840,15841,1
15841,15842,1
15842,15841,2
15843,15844,3
15844,15845,3
15845,15844,1
15847,15846,1
15848,15847,3
15848,15850,1
15849,15848,2
15850,15849,2
15851,15850,1
15852,15851,1
15853,15854,2
15854,15853,1
15855,15854,1
15855,15856,1
15856,15857,2
15857,15858,1
15858,15857,1
15858,15859,1
15859,15858,1
15859,15860,2
15861,15860,3
15862,15861,1
15863,15862,1
15863,15864,1
15864,15863,1
15866,15865,1
15866,15867,1
15866,15868,1
15867,15868,2
15868,15867,2
15871,15870,1
15871,15872,1
15872,15873,2
15873,15872,1
15873,15875,1
15874,15873,1
15874,15875,1
15875,15874,1
15875,15876,1
15876,15875,1
15876,15877,1
15877,15878,1
15878,15879,1
15879,15878,1
15880,15879,1
15882,15881,1
15884,15883,1
15885,15884,1
15886,15885,1
15891,15892,1
15892,15891,3
15892,15893,3
15893,15892,1
15893,15894,2
15894,15895,1
15895,15896,2
15897,15898,2
15900,15899,1
15901,15900,1
15903,15904,1
15904,15903,1
15906,15905,2
15906,15907,1
15907,15906,2
15908,15909,1
15909,15910,2
15910,15909,1
15911,15912,2
15915,15914,1
15917,15918,1
15919,15918,1
15919,15920,2
15920,15919,1
15921,15922,1
15921,15923,1
15923,15924,2
15924,15923,2
15924,15925,1
15926,15925,1
15926,15927,1
15927,15926,2
15929,15928,1
15930,15929,2
15930,15931,2
15931,15930,1
15931,15932,3
15935,15936,2
15936,15935,2
15936,15937,1
15937,15938,2
15939,15938,1
15940,15939,1
15941,15940,1
15941,15942,1
15942,15943,2
15943,15942,1
15943,15944,1
15944,15943,1
15944,15945,1
15945,15944,1
15947,15948,1
15948,15947,2
15949,15948,5
15949,15950,1
15950,15949,1
15951,15950,1
15951,15952,1
15952,15954,1
15953,15952,1
15953,15954,2
15954,15953,1
15955,15956,1
15956,15955,1
15956,15957,3
15958,15957,2
15959,15960,1
15960,15959,1
15963,15962,1
15963,15964,3
15964,15963,1
15964,15965,2
15965,15964,1
15966,15965,2
15967,15966,2
15968,15967,1
15969,15968,1
15969,15970,2
15970,15968,1
15970,15971,3
15971,15973,1
15973,15974,2
15974,15972,1
15974,15975,2
15975,15974,1
15975,15976,1
15976,15977,1
15977,15976,1
15978,15979,1
15980,15981,1
15981,15980,2
15982,15983,3
15983,15982,1
15983,15984,2
15984,15983,1
15984,15985,1
15985,15986,1
15986,15985,1
15987,15986,1
15987,15988,1
15988,15987,2
15989,15990,1
15990,15991,2
15991,15990,2
15991,15992,1
15992,15991,1
15994,15993,2
15994,15995,2
15995,15996,1
15996,15995,1
15997,15996,1
15998,15997,1
15998,15999,2
15999,16000,1
16000,16001,2
16001,16000,2
16003,16004,1
16004,16003,2
16004,16005,2
16005,16004,2
16005,16006,1
16006,16007,1
16007,16006,2
16008,16007,2
16008,16009,1
16009,16008,1
16009,16010,1
16010,16011,2
16012,16011,2
16015,16016,1
16016,16015,2
16017,16018,1
16018,16019,1
16019,16018,2
16019,16020,2
16021,16022,2
16023,16022,2
16023,16024,2
16024,16023,2
16025,16026,1
16026,16025,2
16026,16027,1
16027,16028,2
16028,16029,1
16029,16030,1
16030,16029,2
16030,16031,1
16031,16033,1
16032,16031,4
16033,16032,2
16033,16034,2
16034,16033,1
16034,16035,1
16035,16034,1
16035,16036,2
16036,16035,1
16037,16036,1
16037,16038,2
16038,16037,2
16039,16038,3
16039,16040,1
16040,16039,1
16040,16041,2
16041,16040,1
16041,16042,1
16042,16041,1
16043,16042,3
16043,16044,1
16044,16045,1
16045,16044,1
16045,16046,1
16046,16045,1
16046,16047,1
16047,16046,1
16047,16048,1
16049,16050,1
16050,16049,1
16052,16051,2
16052,16053,1
16053,16052,1
16053,16054,1
16054,16055,1
16055,16054,1
16055,16056,1
16056,16055,2
16056,16057,2
16057,16056,2
16057,16058,3
16058,16057,1
16058,16059,2
16059,16058,1
16060,16061,1
16061,16059,1
16061,16062,1
16062,16063,1
16063,16062,1
16064,16063,1
16064,16065,2
16065,16064,1
16065,16066,1
16066,16065,1
16066,16067,3
16067,16068,2
16069,16068,1
16069,16070,1
16070,16069,1
16070,16071,1
16071,16072,1
16072,16071,2
16073,16074,1
16075,16074,1
16075,16076,1
16077,16076,1
16077,16078,2
16078,16079,1
16079,16078,2
16079,16080,1
16080,16081,1
16081,16080,1
16081,16082,1
16082,16083,2
16083,16082,2
16084,16083,1
16085,16084,1
16085,16086,1
16086,16085,1
16087,16086,1
16087,16088,1
16088,16089,3
16089,16090,4
16092,16091,3
16092,16093,2
16094,16093,1
16094,16095,1
16095,16096,2
16096,16095,1
16096,16097,1
16098,16097,1
16100,16099,3
16100,16101,2
16101,16100,1
16101,16102,3
16103,16102,1
16104,16103,2
16104,16105,1
16106,16105,2
16107,16108,1
16108,16107,1
16108,16109,2
16109,16108,2
16109,16110,1
16110,16111,3
16111,16110,1
16111,16112,1
16112,16111,1
16113,16112,1
16114,16113,1
16114,16115,3
16115,16114,1
16115,16116,3
16118,16117,1
16119,16120,1
16120,16119,2
16121,16120,3
16121,16122,1
16123,16121,1
16123,16122,1
16123,16124,3
16124,16123,1
16125,16124,1
16125,16126,2
16127,16126,2
16128,16129,2
16129,16128,1
16129,16130,2
16130,16129,1
16130,16131,2
16131,16132,2
16132,16131,1
16132,16133,2
16133,16132,3
16133,16134,3
16134,16133,1
16134,16135,4
16135,16134,1
16135,16136,2
16136,16135,1
16136,16137,1
16137,16136,1
16137,16138,1
16139,16137,1
16139,16140,1
16141,16142,3
16142,16141,1
16142,16143,1
16143,16142,1
16143,16144,1
16144,16143,5
16144,16145,2
16145,16144,2
16146,16147,2
16147,16148,1
16148,16147,1
16148,16149,1
16149,16148,3
16149,16150,3
16150,16149,1
16150,16151,2
16151,16152,2
16152,16153,1
16153,16152,1
16154,16153,1
16156,16155,2
16156,16157,1
16158,16157,1
16159,16158,1
16159,16160,1
16160,16161,2
16161,16160,1
16162,16161,1
16162,16163,2
16163,16162,1
16163,16164,4
16164,16163,1
16164,16165,1
16165,16166,4
16166,16167,2
16167,16166,1
16167,16168,2
16168,16167,1
16168,16169,2
16170,16169,2
16171,16170,4
16171,16172,2
16172,16171,2
16172,16173,2
16174,16175,1
16175,16174,1
16175,16176,1
16176,16175,1
16176,16177,1
16177,16176,1
16178,16179,1
16180,16181,2
16181,16180,1
16181,16182,1
16182,16183,3
16183,16182,2
16183,16184,1
16184,16185,1
16185,16183,1
16185,16184,1
16185,16186,2
16186,16185,1
16186,16187,1
16188,16187,3
16188,16189,3
16189,16188,1
16190,16189,2
16190,16191,2
16191,16190,2
16191,16192,1
16192,16191,1
16193,16192,2
16193,16194,2
16194,16193,5
16194,16195,2
16195,16194,1
16195,16196,2
16196,16195,3
16196,16197,1
16197,16196,2
16198,16197,1
16199,16198,1
16199,16200,2
16200,16199,1
16201,16200,1
16202,16201,2
16203,16202,1
16203,16204,1
16204,16203,2
16204,16205,1
16205,16204,2
16207,16206,2
16207,16208,1
16208,16207,3
16209,16210,1
16210,16209,2
16210,16211,2
16211,16210,3
16212,16211,1
16212,16213,1
16213,16212,1
16213,16214,1
16214,16215,2
16215,16214,2
16215,16216,2
16215,16217,1
16216,16215,1
16216,16217,1
16217,16216,3
16218,16219,1
16219,16220,1
16220,16219,2
16221,16220,1
16221,16222,1
16222,16223,1
16223,16221,1
16223,16222,1
16223,16224,1
16224,16223,1
16224,16225,1
16225,16224,1
16225,16226,3
16227,16226,2
16227,16228,1
16228,16229,2
16229,16228,4
16229,16230,3
16230,16231,3
16231,16230,1
16232,16231,1
16233,16234,1
16234,16233,2
16234,16235,3
16235,16234,1
16235,16236,2
16236,16237,1
16237,16238,2
16238,16237,3
16238,16239,4
16240,16239,2
16240,16241,4
16241,16240,2
16241,16242,5
16243,16242,1
16243,16244,1
16244,16243,1
16244,16245,1
16245,16244,1
16245,16246,1
16246,16245,2
16246,16247,2
16247,16246,2
16247,16248,1
16248,16247,2
16248,16249,3
16249,16248,1
16249,16250,2
16250,16249,3
16251,16250,2
16251,16252,2
16252,16251,1
16252,16253,1
16253,16252,1
16253,16254,2
16254,16253,1
16255,16254,2
16256,16255,1
16256,16257,3
16257,16256,2
16258,16257,2
16258,16259,1
16260,16259,1
16260,16261,2
16261,16260,1
16261,16262,2
16262,16263,2
16263,16261,1
16263,16262,1
16263,16264,2
16264,16265,3
16265,16266,2
16266,16267,1
16267,16266,3
16267,16268,2
16268,16267,1
16268,16269,1
16269,16268,2
16269,16270,1
16270,16269,1
16270,16271,1
16271,16270,1
16271,16272,2
16272,16271,1
16272,16273,1
16273,16272,2
16273,16274,3
16274,16273,1
16275,16274,1
16277,16276,2
16277,16278,1
16278,16277,1
16278,16279,3
16280,16279,1
16281,16280,4
16281,16282,1
16283,16282,2
16283,16284,3
16284,16283,3
16284,16285,1
16285,16284,1
16285,16286,1
16286,16285,1
16286,16287,1
16287,16286,2
16287,16288,2
16288,16287,1
16289,16288,5
16290,16291,1
16291,16292,2
16293,16292,2
16293,16294,2
16294,16295,1
16295,16296,1
16296,16295,4
16296,16297,1
16297,16298,1
16298,16297,1
16298,16299,2
16299,16298,2
16299,16300,1
16300,16301,1
16301,16302,4
16302,16301,3
16302,16303,2
16303,16302,1
16304,16303,1
16304,16305,1
16305,16306,2
16306,16307,1
16307,16306,2
16308,16306,1
16308,16307,2
16308,16309,2
16309,16310,3
16310,16311,1
16311,16312,1
16312,16311,4
16312,16313,3
16313,16312,1
16313,16314,2
16314,16313,1
16314,16315,2
16315,16314,1
16315,16316,4
16316,16315,2
16317,16316,1
16317,16318,2
16318,16317,2
16318,16319,1
16319,16320,1
16320,16319,2
16321,16320,1
16321,16322,4
16322,16323,1
16323,16322,3
16323,16324,1
16324,16323,1
16325,16324,3
16325,16326,3
16326,16325,3
16326,16327,1
16327,16326,2
16327,16328,3
16328,16327,3
16329,16328,3
16330,16329,3
16331,16332,2
16332,16331,2
16333,16332,2
16333,16334,2
16334,16333,1
16335,16334,1
16336,16337,1
16339,16338,2
16339,16340,4
16340,16339,1
16340,16341,2
16341,16340,4
16341,16342,1
16342,16343,1
16343,16342,3
16343,16344,3
16344,16343,2
16344,16345,1
16345,16344,1
16345,16346,3
16346,16345,1
16346,16347,3
16347,16346,2
16347,16348,1
16348,16349,2
16349,16347,1
16349,16348,1
16349,16350,4
16350,16349,1
16350,16351,2
16351,16350,1
16352,16351,1
16352,16353,1
16353,16352,2
16353,16354,1
16354,16353,1
16354,16355,1
16355,16356,4
16356,16355,2
16357,16356,1
16359,16358,3
16359,16360,3
16360,16361,4
16361,16362,2
16362,16361,2
16362,16363,1
16363,16362,2
16363,16364,2
16364,16363,1
16364,16365,2
16365,16364,1
16365,16366,3
16366,16365,2
16366,16367,2
16367,16368,3
16368,16367,1
16369,16368,1
16370,16369,1
16370,16371,1
16371,16370,1
16371,16372,2
16372,16371,1
16372,16373,3
16373,16372,1
16373,16374,2
16374,16375,1
16375,16374,1
16376,16375,1
16376,16377,2
16377,16376,1
16377,16378,3
16378,16377,1
16378,16379,1
16379,16380,3
16380,16379,3
16380,16381,1
16381,16380,2
16381,16382,1
16382,16381,1
16382,16383,1
16383,16382,2
16383,16384,2
16384,16385,1
16385,16384,2
16385,16386,1
16386,16385,1
16386,16387,1
16387,16386,2
16387,16388,3
16388,16389,2
16389,16388,2
16389,16390,3
16390,16389,3
16390,16391,1
16391,16390,2
16391,16392,2
16392,16391,2
16392,16393,2
16393,16392,1
16394,16395,3
16395,16394,1
16395,16396,2
16396,16395,3
16396,16397,6
16397,16396,1
16397,16398,2
16398,16397,1
16398,16399,1
16399,16398,2
16400,16401,1
16401,16400,1
16402,16401,1
16402,16403,3
16403,16402,1
16404,16403,2
16404,16405,4
16405,16406,3
16406,16405,2
16406,16407,2
16407,16406,1
16408,16407,2
16408,16409,3
16409,16408,1
16409,16410,3
16410,16409,2
16410,16411,1
16411,16410,1
16411,16412,1
16412,16411,1
16412,16413,2
16413,16412,5
16413,16414,1
16414,16413,4
16415,16414,2
16415,16416,2
16416,16415,1
16416,16417,3
16417,16416,3
16417,16418,2
16418,16417,2
16418,16419,1
16419,16418,3
16419,16420,1
16420,16421,2
16421,16420,2
16421,16422,1
16422,16421,2
16422,16423,6
16423,16422,2
16424,16423,5
16425,16424,1
16425,16426,1
16426,16427,2
16427,16428,2
16428,16427,1
16429,16428,2
16429,16430,1
16431,16432,1
16434,16433,5
16435,16434,2
16435,16436,1
16436,16435,2
16436,16437,2
16437,16436,1
16437,16438,2
16438,16437,2
16438,16439,2
16439,16438,1
16439,16440,1
16440,16439,4
16440,16441,3
16441,16440,5
16441,16442,1
16442,16441,1
16443,16442,2
16444,16445,2
16445,16444,1
16445,16446,1
16446,16445,3
16446,16447,1
16447,16446,1
16447,16448,2
16448,16449,2
16449,16450,2
16450,16449,1
16450,16451,3
16451,16452,1
16452,16451,2
16452,16453,3
16453,16452,4
16454,16453,1
16454,16455,3
16455,16454,4
16455,16456,1
16456,16455,2
16456,16457,1
16457,16456,1
16457,16458,2
16458,16459,2
16459,16458,2
16460,16459,2
16460,16461,1
16461,16460,2
16461,16462,3
16463,16462,1
16463,16464,2
16464,16463,4
16464,16465,1
16466,16465,1
16466,16467,2
16467,16468,4
16469,16470,2
16470,16469,1
16470,16471,2
16471,16470,3
16471,16472,1
16472,16473,2
16473,16472,1
16473,16474,1
16474,16475,2
16475,16474,1
16476,16475,1
16476,16477,5
16477,16476,1
16477,16478,3
16478,16479,1
16479,16478,2
16479,16480,2
16480,16481,6
16481,16480,1
16481,16482,1
16482,16481,5
16482,16483,1
16483,16482,2
16483,16484,4
16485,16484,2
16485,16486,6
16486,16485,2
16486,16487,2
16487,16488,3
16488,16487,2
16488,16489,1
16489,16490,1
16490,16489,1
16490,16491,3
16491,16490,2
16492,16491,1
16492,16493,2
16493,16492,3
16493,16494,3
16494,16493,1
16494,16495,2
16495,16494,1
16495,16496,2
16496,16495,2
16496,16497,3
16497,16498,1
16498,16497,2
16498,16499,3
16499,16498,1
16499,16500,1
16500,16499,1
16500,16501,1
16501,16500,5
16501,16502,1
16502,16503,2
16504,16505,1
16505,16504,5
16505,16506,1
16506,16505,2
16506,16507,3
16507,16506,1
16507,16508,2
16508,16507,2
16508,16509,1
16509,16508,1
16509,16510,2
16510,16509,1
16511,16510,2
16511,16512,5
16512,16511,3
16512,16513,1
16513,16512,1
16513,16514,2
16514,16513,2
16514,16515,1
16515,16514,3
16515,16516,1
16516,16515,3
16516,16517,1
16517,16516,1
16517,16518,4
16518,16517,2
16518,16519,3
16519,16518,3
16519,16520,4
16520,16519,3
16520,16521,2
16521,16520,2
16522,16521,1
16522,16523,2
16523,16522,1
16523,16524,1
16524,16523,1
16524,16525,6
16525,16526,2
16526,16525,2
16527,16526,2
16527,16528,2
16528,16529,4
16529,16528,5
16529,16530,7
16530,16529,4
16530,16531,1
16531,16532,3
16532,16531,3
16533,16534,1
16534,16533,1
16534,16535,1
16535,16534,2
16535,16536,3
16536,16537,3
16537,16536,3
16537,16538,2
16538,16537,5
16538,16539,4
16539,16538,5
16539,16540,2
16540,16541,1
16541,16540,4
16541,16542,1
16542,16541,1
16542,16543,4
16543,16542,3
16543,16544,1
16544,16543,3
16544,16545,2
16545,16544,2
16545,16546,2
16546,16545,1
16546,16547,1
16547,16546,3
16547,16548,2
16548,16547,1
16548,16549,2
16549,16548,2
16549,16550,1
16550,16549,2
16550,16551,2
16551,16552,1
16552,16551,5
16552,16553,3
16553,16552,2
16553,16554,1
16554,16555,1
16555,16554,2
16555,16556,3
16556,16555,1
16557,16556,2
16557,16558,2
16558,16557,1
16559,16560,1
16560,16559,1
16560,16561,3
16561,16562,2
16562,16561,3
16562,16563,1
16563,16564,3
16564,16563,4
16564,16565,4
16565,16564,1
16567,16566,2
16567,16568,2
16568,16569,2
16569,16568,3
16570,16569,1
16570,16571,1
16571,16570,3
16571,16572,1
16572,16571,3
16572,16573,1
16573,16572,1
16573,16574,4
16574,16575,4
16575,16576,2
16577,16576,1
16577,16578,1
16578,16577,1
16578,16579,1
16579,16578,1
16579,16580,8
16580,16579,4
16581,16582,3
16582,16583,1
16583,16584,2
16584,16583,2
16584,16585,1
16585,16584,1
16585,16586,3
16586,16587,2
16587,16586,3
16588,16587,1
16588,16589,3
16589,16588,1
16589,16590,2
16590,16589,1
16590,16591,3
16591,16590,3
16591,16592,2
16592,16591,1
16592,16593,4
16593,16592,1
16593,16594,1
16594,16593,2
16594,16595,1
16596,16595,5
16596,16597,2
16597,16596,5
16597,16598,3
16598,16597,2
16598,16599,1
16599,16598,4
16599,16600,3
16600,16599,1
16600,16601,1
16601,16602,1
16602,16601,2
16602,16603,2
16603,16602,4
16604,16603,1
16604,16605,1
16605,16604,4
16605,16606,1
16606,16605,3
16606,16607,2
16608,16607,4
16608,16609,6
16609,16608,3
16610,16611,2
16611,16610,6
16611,16612,4
16612,16611,1
16612,16613,3
16613,16614,4
16614,16613,1
16614,16615,3
16615,16614,4
16615,16616,2
16616,16615,1
16616,16617,2
16617,16616,3
16617,16618,1
16618,16617,1
16618,16619,2
16619,16618,2
16619,16620,1
16620,16619,1
16620,16621,3
16621,16620,3
16621,16622,2
16622,16621,2
16622,16623,3
16623,16622,3
16623,16624,1
16624,16623,3
16624,16625,2
16625,16624,2
16625,16626,1
16626,16625,2
16626,16627,3
16627,16626,1
16627,16628,3
16628,16627,1
16628,16629,2
16629,16628,3
16629,16630,2
16630,16629,1
16630,16631,2
16631,16630,4
16631,16632,1
16632,16633,1
16633,16632,2
16633,16634,4
16634,16635,2
16635,16634,3
16635,16636,2
16636,16635,2
16636,16637,3
16637,16636,2
16637,16638,3
16638,16637,3
16638,16639,2
16639,16638,1
16639,16640,1
16640,16639,3
16640,16641,1
16641,16640,2
16641,16642,1
16642,16641,1
16642,16643,2
16643,16642,3
16643,16644,2
16644,16643,4
16645,16644,4
16645,16646,3
16646,16645,3
16646,16647,1
16647,16646,1
16647,16648,4
16648,16647,3
16648,16649,3
16649,16650,1
16650,16649,2
16651,16650,1
16651,16652,1
16652,16651,1
16652,16653,1
16653,16652,3
16654,16653,2
16654,16655,3
16655,16654,2
16656,16655,5
16656,16657,1
16657,16656,2
16657,16658,2
16658,16659,2
16659,16658,4
16659,16660,1
16660,16659,3
16660,16661,3
16661,16660,1
16661,16662,1
16662,16661,1
16662,16663,3
16663,16662,2
16663,16664,5
16664,16663,3
16664,16665,2
16665,16664,2
16665,16666,2
16666,16665,2
16666,16667,2
16667,16666,1
16667,16668,1
16668,16667,1
16668,16669,2
16669,16668,4
16669,16670,3
16670,16669,1
16670,16671,3
16671,16670,3
16671,16672,2
16672,16671,2
16672,16673,1
16673,16674,2
16674,16673,1
16674,16675,2
16675,16676,3
16676,16675,1
16677,16676,1
16677,16678,4
16678,16677,2
16678,16679,2
16679,16678,3
16679,16680,1
16680,16679,2
16680,16681,2
16681,16680,1
16681,16682,3
16682,16681,1
16682,16683,1
16683,16682,1
16684,16683,2
16685,16684,3
16685,16686,3
16686,16685,1
16687,16686,1
16687,16688,2
16688,16687,4
16689,16688,1
16689,16690,4
16690,16691,3
16691,16690,1
16691,16692,2
16692,16691,3
16692,16693,1
16693,16692,3
16693,16694,5
16694,16693,2
16694,16695,4
16695,16694,2
16695,16696,3
16696,16695,5
16696,16697,3
16697,16696,3
16697,16698,1
16698,16697,2
16699,16698,3
16699,16700,4
16700,16699,1
16700,16701,5
16701,16700,3
16702,16701,5
16702,16703,2
16703,16702,1
16703,16704,2
16704,16703,3
16704,16705,4
16705,16706,3
16706,16705,1
16706,16707,1
16707,16706,1
16708,16707,2
16708,16709,2
16709,16710,3
16710,16709,1
16711,16710,2
16711,16712,2
16712,16711,3
16712,16713,3
16713,16714,2
16714,16713,3
16714,16715,5
16715,16716,1
16716,16715,5
16716,16717,1
16717,16716,1
16717,16718,2
16718,16717,1
16718,16719,3
16719,16718,1
16719,16720,2
16720,16719,3
16720,16721,1
16721,16720,3
16721,16722,3
16722,16721,2
16722,16723,3
16723,16722,3
16723,16724,2
16724,16725,2
16725,16724,3
16725,16726,1
16726,16725,3
16727,16726,2
16727,16728,3
16728,16727,3
16728,16729,1
16729,16728,2
16729,16730,1
16730,16729,2
16731,16730,2
16731,16732,4
16732,16731,2
16732,16733,2
16733,16732,2
16733,16734,1
16734,16733,3
16734,16735,1
16735,16736,3
16736,16735,2
16736,16737,1
16737,16736,1
16737,16738,1
16738,16737,5
16738,16739,2
16739,16738,2
16739,16740,1
16740,16739,2
16740,16741,3
16741,16740,4
16741,16742,3
16742,16741,2
16742,16743,3
16743,16742,3
16744,16743,1
16744,16745,1
16745,16744,4
16745,16746,3
16746,16745,3
16746,16747,4
16747,16748,5
16748,16749,1
16749,16748,5
16749,16750,3
16750,16749,1
16750,16751,1
16751,16750,4
16752,16751,4
16752,16753,1
16753,16752,3
16753,16754,3
16754,16753,1
16754,16755,1
16755,16754,2
16755,16756,2
16756,16755,3
16756,16757,5
16757,16756,1
16757,16758,2
16758,16757,3
16758,16759,2
16759,16758,2
16759,16760,5
16760,16759,2
16760,16761,5
16761,16760,1
16761,16762,2
16762,16761,2
16762,16763,2
16763,16762,4
16763,16764,1
16764,16763,3
16764,16765,5
16765,16764,1
16765,16766,2
16766,16765,1
16766,16767,1
16767,16766,1
16767,16768,2
16768,16767,1
16769,16768,5
16769,16770,1
16770,16771,3
16771,16770,2
16771,16772,2
16772,16771,3
16772,16773,2
16773,16772,1
16773,16774,2
16774,16773,4
16774,16775,2
16775,16774,4
16775,16776,1
16776,16775,2
16776,16777,4
16777,16776,2
16777,16778,5
16778,16779,3
16779,16778,3
16779,16780,3
16780,16779,3
16780,16781,1
16781,16780,3
16781,16782,2
16782,16781,1
16782,16783,3
16783,16782,2
16783,16784,1
16784,16783,4
16784,16785,3
16785,16784,3
16785,16786,3
16786,16785,1
16786,16787,1
16787,16786,2
16787,16788,2
16788,16787,1
16788,16789,1
16789,16788,3
16789,16790,1
16790,16789,2
16790,16791,3
16791,16790,6
16791,16792,3
16792,16793,4
16793,16792,3
16793,16794,1
16794,16793,2
16794,16795,3
16795,16794,2
16795,16796,4
16796,16795,1
16796,16797,3
16797,16796,3
16797,16798,1
16798,16797,6
16798,16799,2
16799,16798,3
16799,16800,3
16800,16799,2
16800,16801,1
16801,16800,4
16801,16802,1
16802,16803,2
16803,16802,1
16803,16804,1
16804,16805,7
16805,16804,2
16805,16806,3
16806,16805,2
16806,16807,6
16807,16806,5
16807,16808,4
16808,16807,2
16808,16809,1
16809,16808,2
16809,16810,1
16810,16809,3
16811,16812,3
16812,16811,4
16813,16812,2
16813,16814,3
16814,16813,8
16814,16815,2
16815,16814,1
16815,16816,1
16816,16815,4
16816,16817,5
16817,16818,1
16818,16817,5
16818,16819,1
16819,16818,1
16819,16820,3
16820,16819,4
16820,16821,1
16821,16820,2
16821,16822,6
16822,16821,1
16822,16823,5
16823,16822,2
16823,16824,4
16824,16823,2
16824,16825,4
16826,16825,3
16826,16827,2
16827,16826,5
16827,16828,3
16828,16827,3
16828,16829,3
16829,16828,3
16829,16830,1
16830,16829,4
16830,16831,1
16831,16830,2
16831,16832,3
16832,16831,5
16832,16833,7
16833,16832,3
16833,16834,2
16834,16833,3
16834,16835,2
16835,16834,1
16835,16836,3
16836,16835,4
16836,16837,1
16837,16836,2
16837,16838,3
16838,16837,4
16838,16839,3
16839,16838,2
16839,16840,2
16840,16839,4
16840,16841,5
16841,16840,4
16842,16841,4
16842,16843,1
16843,16842,4
16843,16844,2
16844,16845,2
16845,16844,3
16845,16846,3
16846,16845,5
16846,16847,2
16847,16846,4
16847,16848,2
16848,16847,2
16848,16849,1
16849,16848,2
16849,16850,3
16850,16849,2
16850,16851,5
16851,16850,1
16851,16852,1
16852,16851,1
16852,16853,4
16853,16852,5
16853,16854,4
16854,16853,6
16854,16855,2
16855,16854,3
16855,16856,3
16856,16855,4
16856,16857,2
16857,16856,5
16857,16858,5
16858,16859,2
16859,16858,2
16860,16859,3
16860,16861,4
16861,16862,2
16862,16861,1
16862,16863,3
16863,16862,4
16863,16864,2
16864,16865,3
16865,16864,5
16865,16866,1
16866,16867,2
16867,16866,3
16867,16868,3
16868,16867,1
16868,16869,5
16869,16868,4
16869,16870,3
16870,16869,1
16870,16871,2
16871,16870,3
16871,16872,3
16872,16871,4
16872,16873,1
16873,16872,5
16873,16874,3
16874,16873,2
16874,16875,3
16875,16874,5
16875,16876,2
16876,16875,1
16876,16877,2
16877,16876,1
16877,16878,3
16878,16879,3
16879,16878,2
16879,16880,6
16880,16879,1
16880,16881,2
16881,16880,2
16882,16881,3
16882,16883,2
16883,16882,6
16883,16884,3
16884,16883,2
16884,16885,3
16885,16884,1
16885,16886,2
16886,16885,4
16886,16887,5
16887,16886,4
16888,16887,1
16889,16888,3
16889,16890,5
16890,16889,3
16890,16891,7
16891,16890,3
16891,16892,2
16892,16891,3
16892,16893,3
16893,16892,3
16893,16894,1
16894,16893,5
16894,16895,5
16895,16894,1
16895,16896,7
16896,16895,3
16896,16897,7
16897,16896,3
16897,16898,4
16898,16897,2
16898,16899,2
16899,16898,5
16899,16900,6
16900,16899,2
16900,16901,2
16901,16900,3
16901,16902,6
16902,16901,1
16902,16903,2
16903,16902,2
16903,16904,3
16904,16903,1
16904,16905,2
16905,16904,2
16905,16906,1
16906,16905,2
16907,16906,2
16907,16908,2
16908,16907,2
16909,16908,1
16909,16910,5
16910,16909,3
16910,16911,4
16911,16910,2
16911,16912,2
16912,16911,3
16912,16913,1
16913,16912,2
16913,16914,3
16914,16913,2
16914,16915,1
16915,16914,1
16915,16916,1
16916,16915,1
16916,16917,1
16917,16916,2
16917,16918,4
16918,16917,1
16918,16919,2
16919,16918,3
16919,16920,2
16920,16919,1
16920,16921,4
16921,16920,1
16921,16922,5
16922,16921,2
16922,16923,3
16923,16922,4
16923,16924,3
16924,16923,3
16924,16925,6
16925,16926,1
16926,16925,2
16926,16927,6
16927,16926,2
16927,16928,2
16928,16929,7
16929,16928,2
16930,16929,2
16930,16931,3
16931,16930,2
16931,16932,2
16932,16931,2
16932,16933,3
16933,16932,5
16933,16934,3
16934,16933,5
16934,16935,5
16935,16934,6
16935,16936,4
16936,16935,3
16936,16937,5
16937,16936,5
16938,16937,4
16938,16939,1
16939,16938,3
16939,16940,4
16940,16939,4
16940,16941,3
16941,16940,3
16941,16942,4
16942,16943,2
16943,16942,5
16943,16944,3
16944,16943,2
16944,16945,7
16945,16944,3
16945,16946,4
16946,16945,2
16946,16947,1
16947,16946,1
16947,16948,3
16948,16947,2
16948,16949,3
16949,16948,8
16949,16950,3
16950,16949,5
16950,16951,1
16951,16950,2
16951,16952,4
16952,16951,4
16952,16953,8
16953,16952,5
16953,16954,3
16954,16953,1
16954,16955,2
16955,16956,2
16956,16955,4
16956,16957,2
16957,16956,3
16957,16958,3
16958,16957,1
16958,16959,1
16959,16958,3
16959,16960,3
16960,16961,1
16961,16960,3
16961,16962,5
16962,16963,3
16963,16962,3
16963,16964,1
16964,16963,2
16964,16965,3
16965,16964,2
16965,16966,4
16966,16965,4
16966,16967,2
16967,16966,3
16967,16968,2
16968,16967,3
16968,16969,4
16969,16968,1
16970,16969,1
16970,16971,1
16971,16970,2
16972,16971,3
16972,16973,3
16973,16972,3
16973,16974,5
16974,16975,7
16975,16974,2
16975,16976,3
16976,16975,3
16976,16977,3
16977,16976,4
16977,16978,7
16978,16977,5
16978,16979,3
16979,16978,1
16979,16980,2
16980,16979,6
16980,16981,2
16981,16980,2
16981,16982,5
16982,16981,4
16982,16983,5
16983,16982,3
16983,16984,7
16984,16985,2
16985,16984,1
16985,16986,4
16986,16985,6
16987,16986,3
16987,16988,2
16988,16987,3
16988,16989,5
16989,16988,1
16989,16990,3
16990,16989,3
16990,16991,2
16991,16990,2
16991,16992,2
16992,16991,2
16992,16993,3
16993,16992,2
16993,16994,2
16994,16993,2
16995,16994,4
16995,16996,2
16996,16995,4
16996,16997,4
16997,16996,2
16997,16998,2
16998,16997,4
16999,16998,4
16999,17000,1
17000,16999,5
17000,17001,5
17001,17000,2
17001,17002,4
17002,17001,3
17002,17003,2
17003,17002,1
17004,17003,3
17004,17005,1
17005,17004,2
17005,17006,4
17006,17005,7
17006,17007,2
17007,17006,6
17007,17008,3
17008,17007,2
17008,17009,3
17009,17008,1
17009,17010,5
17010,17009,3
17010,17011,7
17011,17010,4
17011,17012,1
17012,17011,3
17012,17013,5
17013,17012,2
17013,17014,8
17014,17013,2
17014,17015,6
17015,17014,3
17015,17016,3
17016,17015,3
17016,17017,4
17017,17016,5
17017,17018,5
17018,17017,3
17018,17019,5
17019,17018,2
17019,17020,2
17020,17019,3
17020,17021,4
17021,17020,6
17021,17022,4
17022,17021,8
17022,17023,1
17023,17022,2
17023,17024,6
17024,17023,5
17024,17025,1
17025,17024,1
17025,17026,5
17026,17025,4
17026,17027,2
17027,17026,2
17027,17028,2
17028,17027,2
17028,17029,6
17029,17028,4
17029,17030,1
17030,17029,5
17030,17031,2
17031,17030,4
17031,17032,3
17032,17031,4
17032,17033,4
17033,17032,3
17033,17034,3
17034,17033,2
17034,17035,4
17035,17034,5
17035,17036,3
17036,17037,7
17037,17036,3
17037,17038,7
17038,17037,5
17038,17039,2
17039,17038,5
17039,17040,8
17040,17039,3
17040,17041,2
17041,17042,4
17042,17041,8
17042,17043,4
17043,17042,2
17043,17044,5
17044,17043,1
17044,17045,5
17045,17044,5
17045,17046,1
17046,17045,1
17046,17047,2
17047,17046,3
17047,17048,2
17048,17047,5
17048,17049,8
17049,17048,5
17049,17050,2
17050,17049,4
17050,17051,7
17051,17050,6
17051,17052,5
17052,17051,3
17052,17053,3
17053,17052,2
17053,17054,4
17054,17053,5
17054,17055,4
17055,17054,3
17056,17055,2
17056,17057,4
17057,17058,2
17058,17057,1
17058,17059,3
17059,17058,2
17059,17060,4
17060,17059,2
17060,17061,2
17061,17060,7
17061,17062,2
17062,17061,5
17062,17063,4
17063,17062,1
17063,17064,1
17064,17063,3
17064,17065,1
17065,17064,1
17065,17066,7
17066,17065,9
17066,17067,3
17067,17066,2
17067,17068,2
17068,17067,4
17068,17069,4
17069,17068,3
17069,17070,5
17070,17069,4
17070,17071,1
17071,17070,3
17071,17072,4
17072,17071,6
17072,17073,4
17073,17072,3
17073,17074,3
17074,17073,4
17074,17075,7
17075,17074,5
17075,17076,7
17076,17075,4
17076,17077,2
17077,17076,3
17077,17078,4
17078,17077,2
17078,17079,3
17079,17078,5
17079,17080,2
17080,17079,1
17080,17081,6
17081,17080,4
17081,17082,1
17082,17081,2
17082,17083,5
17083,17082,3
17083,17084,2
17084,17083,4
17084,17085,4
17085,17084,4
17085,17086,6
17086,17085,5
17086,17087,6
17087,17086,2
17087,17088,6
17088,17087,3
17088,17089,2
17089,17088,6
17089,17090,1
17090,17089,8
17090,17091,2
17091,17090,2
17091,17092,5
17092,17091,4
17092,17093,7
17093,17092,3
17093,17094,4
17094,17093,1
17094,17095,2
17095,17094,1
17095,17096,3
17096,17095,4
17096,17097,3
17097,17096,3
17097,17098,6
17098,17097,1
17098,17099,6
17099,17098,5
17099,17100,4
17100,17099,3
17100,17101,4
17101,17100,2
17101,17102,5
17102,17101,3
17102,17103,3
17103,17102,10
17103,17104,1
17104,17103,3
17104,17105,4
17105,17104,1
17105,17106,1
17106,17105,4
17106,17107,5
17107,17106,3
17107,17108,3
17108,17107,5
17108,17109,4
17109,17108,1
17110,17109,4
17110,17111,7
17111,17110,5
17111,17112,3
17112,17111,2
17112,17113,3
17113,17114,4
17114,17113,6
17115,17114,3
17115,17116,4
17116,17115,2
17116,17117,4
17117,17116,3
17117,17118,4
17118,17117,4
17118,17119,5
17119,17118,4
17119,17120,2
17120,17119,2
17121,17120,5
17121,17122,4
17122,17121,4
17122,17123,4
17123,17122,1
17123,17124,3
17124,17123,4
17124,17125,4
17125,17124,6
17125,17126,3
17126,17125,1
17126,17127,2
17127,17126,4
17127,17128,5
17128,17127,5
17128,17129,1
17129,17128,1
17129,17130,3
17130,17129,5
17130,17131,5
17131,17130,1
17131,17132,3
17132,17131,4
17132,17133,1
17133,17132,3
17133,17134,3
17134,17133,1
17134,17135,10
17135,17134,5
17135,17136,3
17136,17137,3
17137,17136,3
17137,17138,6
17138,17137,8
17138,17139,6
17139,17138,6
17139,17140,2
17140,17139,3
17140,17141,4
17141,17140,2
17141,17142,4
17142,17141,6
17142,17143,2
17143,17142,2
17143,17144,3
17144,17143,4
17144,17145,3
17145,17144,6
17145,17146,1
17146,17145,3
17146,17147,3
17147,17146,1
17147,17148,4
17148,17147,4
17148,17149,4
17149,17148,2
17149,17150,4
17150,17149,1
17151,17150,1
17151,17152,1
17152,17151,2
17153,17152,5
17153,17154,4
17154,17153,2
17154,17155,3
17155,17154,4
17155,17156,4
17156,17155,4
17156,17157,1
17157,17156,4
17157,17158,7
17158,17157,9
17158,17159,7
17159,17158,5
17159,17160,3
17160,17159,2
17160,17161,4
17161,17160,3
17161,17162,4
17162,17161,3
17162,17163,2
17163,17162,7
17163,17164,4
17164,17163,8
17164,17165,1
17165,17164,1
17165,17166,6
17166,17165,1
17166,17167,8
17167,17166,7
17167,17168,1
17168,17167,5
17168,17169,1
17169,17168,4
17169,17170,7
17170,17169,2
17170,17171,1
17171,17170,4
17171,17172,6
17172,17171,4
17172,17173,5
17173,17172,1
17173,17174,1
17174,17173,4
17174,17175,4
17175,17174,4
17175,17176,4
17176,17175,7
17176,17177,3
17177,17176,2
17177,17178,4
17178,17177,2
17178,17179,7
17179,17178,6
17179,17180,3
17180,17179,4
17180,17181,6
17181,17180,4
17181,17182,2
17182,17181,4
17182,17183,3
17183,17182,4
17183,17184,2
17184,17183,1
17184,17185,3
17185,17184,4
17185,17186,1
17186,17185,4
17186,17187,2
17187,17186,4
17187,17188,6
17188,17187,2
17188,17189,6
17189,17188,3
17189,17190,4
17190,17189,4
17190,17191,4
17191,17190,5
17191,17192,5
17192,17191,7
17192,17193,1
17193,17192,1
17193,17194,6
17194,17193,4
17194,17195,3
17195,17194,3
17195,17196,5
17196,17195,4
17196,17197,3
17197,17196,7
17197,17198,5
17198,17199,8
17199,17198,3
17199,17200,5
17200,17199,3
17200,17201,5
17201,17200,8
17201,17202,2
17202,17201,7
17202,17203,4
17203,17202,2
17203,17204,4
17204,17203,2
17204,17205,6
17205,17204,5
17205,17206,6
17206,17205,3
17206,17207,4
17207,17206,6
17207,17208,4
17208,17207,2
17208,17209,1
17209,17208,3
17209,17210,1
17210,17209,4
17210,17211,3
17211,17210,4
17211,17212,6
17212,17211,5
17212,17213,5
17213,17212,5
17213,17214,3
17214,17213,7
17214,17215,4
17215,17214,4
17215,17216,2
17216,17215,4
17216,17217,4
17217,17216,2
17217,17218,2
17218,17217,3
17218,17219,5
17219,17218,2
17219,17220,5
17220,17219,5
17220,17221,6
17221,17220,6
17221,17222,3
17222,17221,7
17222,17223,6
17223,17222,4
17223,17224,5
17224,17223,1
17224,17225,2
17225,17224,2
17225,17226,5
17226,17225,6
17226,17227,8
17227,17226,4
17227,17228,5
17228,17227,3
17228,17229,5
17229,17228,3
17229,17230,4
17230,17229,2
17230,17231,3
17231,17230,5
17231,17232,3
17232,17231,1
17232,17233,4
17233,17232,7
17233,17234,1
17234,17233,2
17234,17235,2
17235,17234,2
17235,17236,5
17236,17235,7
17236,17237,6
17237,17236,2
17237,17238,3
17238,17237,2
17238,17239,6
17239,17238,3
17239,17240,5
17240,17239,2
17240,17241,5
17241,17240,6
17241,17242,10
17242,17241,1
17242,17243,5
17243,17242,2
17243,17244,4
17244,17243,4
17244,17245,2
17245,17244,8
17245,17246,5
17246,17245,2
17246,17247,6
17247,17246,5
17247,17248,6
17248,17247,1
17249,17248,3
17249,17250,5
17250,17249,3
17250,17251,4
17251,17250,6
17251,17252,3
17252,17251,4
17252,17253,5
17253,17252,4
17253,17254,4
17254,17253,5
17254,17255,5
17255,17254,5
17255,17256,5
17256,17255,4
17256,17257,7
17257,17256,3
17257,17258,4
17258,17257,7
17258,17259,1
17259,17258,3
17259,17260,5
17260,17259,5
17260,17261,5
17261,17260,4
17261,17262,2
17262,17261,2
17262,17263,4
17263,17262,4
17263,17264,4
17264,17263,2
17264,17265,3
17265,17264,6
17265,17266,4
17266,17265,1
17266,17267,4
17267,17266,6
17267,17268,6
17268,17267,5
17268,17269,5
17269,17268,6
17269,17270,5
17270,17269,1
17270,17271,1
17271,17270,5
17271,17272,2
17272,17271,3
17272,17273,5
17273,17272,7
17273,17274,2
17274,17273,9
17274,17275,5
17275,17274,3
17275,17276,7
17276,17275,5
17276,17277,3
17277,17276,3
17277,17278,7
17278,17277,7
17278,17279,4
17279,17278,7
17279,17280,3
17280,17279,7
17280,17281,5
17281,17280,3
17281,17282,3
17282,17281,4
17282,17283,4
17283,17282,6
17283,17284,5
17284,17283,3
17284,17285,2
17285,17284,3
17285,17286,4
17286,17285,3
17286,17287,8
17287,17286,4
17287,17288,5
17288,17287,2
17288,17289,5
17289,17288,6
17289,17290,2
17290,17289,9
17290,17291,5
17291,17290,2
17291,17292,8
17292,17291,5
17292,17293,7
17293,17292,1
17293,17294,2
17294,17293,3
17294,17295,4
17295,17294,6
17295,17296,8
17296,17295,6
17296,17297,3
17297,17296,5
17297,17298,3
17298,17297,4
17298,17299,4
17299,17298,3
17299,17300,5
17300,17299,5
17300,17301,6
17301,17300,6
17301,17302,6
17302,17301,1
17302,17303,4
17303,17302,4
17303,17304,1
17304,17303,4
17304,17305,4
17305,17304,4
17305,17306,8
17306,17305,5
17306,17307,1
17307,17306,3
17307,17308,2
17308,17307,5
17308,17309,6
17309,17308,7
17309,17310,4
17310,17309,7
17310,17311,5
17311,17310,2
17311,17312,3
17312,17311,5
17312,17313,3
17313,17312,4
17313,17314,2
17314,17313,4
17314,17315,4
17315,17314,6
17315,17316,5
17316,17315,1
17316,17317,4
17317,17316,8
17317,17318,8
17318,17317,4
17318,17319,3
17319,17318,4
17319,17320,8
17320,17319,4
17320,17321,2
17321,17320,2
17321,17322,5
17322,17321,6
17322,17323,3
17323,17322,4
17323,17324,2
17324,17323,1
17324,17325,4
17325,17324,4
17325,17326,11
17326,17325,5
17326,17327,4
17327,17326,3
17327,17328,3
17328,17327,1
17328,17329,3
17329,17328,4
17329,17330,3
17330,17329,5
17330,17331,5
17331,17330,5
17331,17332,6
17332,17331,5
17332,17333,2
17333,17332,2
17333,17334,5
17334,17333,2
17334,17335,2
17335,17334,3
17335,17336,2
17336,17335,4
17336,17337,4
17337,17336,9
17337,17338,4
17338,17337,1
17338,17339,7
17339,17338,2
17339,17340,5
17340,17339,8
17340,17341,7
17341,17340,3
17341,17342,6
17342,17341,3
17342,17343,4
17343,17342,5
17343,17344,1
17344,17343,6
17344,17345,2
17345,17344,4
17345,17346,6
17346,17345,8
17346,17347,3
17347,17346,2
17347,17348,7
17348,17347,4
17348,17349,7
17349,17348,6
17349,17350,6
17350,17349,2
17350,17351,4
17351,17350,4
17351,17352,6
17352,17351,2
17352,17353,9
17353,17352,6
17353,17354,5
17354,17353,6
17354,17355,3
17355,17354,4
17355,17356,5
17356,17355,5
17356,17357,5
17357,17356,2
17357,17358,6
17358,17357,4
17358,17359,2
17359,17358,6
17359,17360,4
17360,17359,3
17360,17361,2
17361,17360,7
17361,17362,5
17362,17361,6
17362,17363,8
17363,17362,6
17363,17364,8
17364,17363,7
17364,17365,4
17365,17364,5
17365,17366,5
17366,17365,7
17366,17367,5
17367,17366,3
17367,17368,5
17368,17367,2
17368,17369,5
17369,17368,3
17369,17370,5
17370,17369,4
17370,17371,4
17371,17370,2
17371,17372,5
17372,17371,2
17372,17373,8
17373,17372,1
17373,17374,3
17374,17373,5
17374,17375,11
17375,17374,9
17375,17376,5
17376,17375,6
17376,17377,3
17377,17376,2
17377,17378,9
17378,17377,3
17378,17379,9
17379,17378,6
17379,17380,3
17380,17379,5
17380,17381,4
17381,17380,3
17381,17382,3
17382,17381,6
17382,17383,7
17383,17382,5
17383,17384,3
17384,17383,8
17384,17385,1
17385,17384,1
17385,17386,7
17386,17385,4
17386,17387,7
17387,17386,2
17387,17388,6
17388,17387,8
17388,17389,2
17389,17388,3
17389,17390,7
17390,17389,5
17390,17391,4
17391,17390,3
17391,17392,6
17392,17391,2
17392,17393,4
17393,17392,6
17393,17394,4
17394,17393,3
17394,17395,7
17395,17394,3
17395,17396,1
17396,17395,4
17396,17397,6
17397,17396,5
17397,17398,4
17398,17397,6
17398,17399,3
17399,17398,6
17399,17400,3
17400,17399,2
17400,17401,6
17401,17400,4
17401,17402,4
17402,17401,8
17402,17403,3
17403,17402,4
17403,17404,2
17404,17403,9
17404,17405,10
17405,17404,4
17405,17406,6
17406,17405,6
17406,17407,6
17407,17406,10
17407,17408,14
17408,17407,2
17408,17409,4
17409,17408,5
17409,17410,5
17410,17409,3
17410,17411,6
17411,17410,7
17411,17412,8
17412,17411,4
17412,17413,4
17413,17412,4
17413,17414,3
17414,17413,2
17414,17415,5
17415,17414,7
17415,17416,6
17416,17415,5
17416,17417,6
17417,17416,5
17417,17418,3
17418,17417,5
17418,17419,6
17419,17418,5
17419,17420,4
17420,17419,7
17420,17421,3
17421,17420,8
17421,17422,3
17422,17421,3
17422,17423,2
17423,17422,8
17423,17424,7
17424,17423,6
17424,17425,1
17425,17424,4
17425,17426,4
17426,17425,8
17426,17427,1
17427,17426,6
17427,17428,7
17428,17427,2
17428,17429,5
17429,17428,3
17429,17430,3
17430,17429,4
17430,17431,5
17431,17430,6
17431,17432,6
17432,17431,3
17432,17433,4
17433,17432,5
17433,17434,1
17434,17433,7
17434,17435,4
17435,17434,1
17435,17436,8
17436,17435,1
17436,17437,7
17437,17436,1
17437,17438,3
17438,17437,7
17438,17439,1
17439,17438,2
17439,17440,8
17440,17439,4
17440,17441,3
17441,17440,4
17441,17442,5
17442,17441,7
17442,17443,2
17443,17442,2
17443,17444,5
17444,17443,2
17444,17445,3
17445,17444,7
17445,17446,6
17446,17445,3
17446,17447,6
17447,17446,1
17447,17448,3
17448,17447,4
17448,17449,4
17449,17448,3
17449,17450,3
17450,17449,7
17450,17451,4
17451,17450,3
17451,17452,1
17452,17451,10
17452,17453,6
17453,17452,4
17453,17454,7
17454,17453,3
17454,17455,1
17455,17454,5
17455,17456,3
17456,17455,4
17456,17457,3
17457,17456,3
17457,17458,4
17458,17457,5
17458,17459,6
17459,17458,3
17459,17460,5
17460,17461,10
17461,17460,6
17461,17462,3
17462,17461,8
17462,17463,3
17463,17462,9
17463,17464,2
17464,17463,4
17464,17465,7
17465,17464,8
17465,17466,4
17466,17465,1
17466,17467,2
17467,17466,11
17467,17468,3
17468,17467,5
17468,17469,2
17469,17468,7
17469,17470,7
17470,17469,5
17470,17471,6
17471,17470,3
17471,17472,4
17472,17471,4
17472,17473,12
17473,17472,4
17473,17474,5
17474,17473,7
17474,17475,5
17475,17474,4
17475,17476,4
17476,17475,5
17476,17477,2
17477,17476,2
17477,17478,5
17478,17477,2
17478,17479,5
17479,17478,3
17479,17480,3
17480,17479,1
17480,17481,6
17481,17480,6
17481,17482,3
17482,17481,8
17482,17483,5
17483,17482,6
17483,17484,4
17484,17483,6
17484,17485,9
17485,17484,7
17485,17486,6
17486,17485,1
17486,17487,5
17487,17486,5
17487,17488,4
17488,17487,5
17488,17489,5
17489,17488,7
17489,17490,5
17490,17489,5
17490,17491,3
17491,17490,3
17491,17492,5
17492,17491,6
17492,17493,3
17493,17492,2
17493,17494,3
17494,17493,7
17494,17495,6
17495,17494,2
17495,17496,8
17496,17495,3
17496,17497,7
17497,17496,4
17497,17498,5
17498,17497,4
17498,17499,3
17499,17498,3
17499,17500,10
17500,17499,6
17500,17501,5
17501,17500,5
17501,17502,5
17502,17501,5
17502,17503,4
17503,17502,3
17503,17504,11
17504,17503,6
17504,17505,10
17505,17504,3
17505,17506,3
17506,17505,6
17506,17507,2
17507,17506,2
17507,17508,4
17508,17507,7
17508,17509,5
17509,17508,8
17509,17510,5
17510,17509,5
17510,17511,5
17511,17510,5
17511,17512,2
17512,17511,4
17512,17513,5
17513,17512,2
17513,17514,3
17514,17513,5
17514,17515,6
17515,17514,6
17515,17516,7
17516,17515,10
17516,17517,3
17517,17516,2
17517,17518,7
17518,17517,10
17518,17519,2
17519,17518,5
17519,17520,4
17520,17519,5
17520,17521,2
17521,17520,4
17521,17522,3
17522,17521,10
17522,17523,6
17523,17522,6
17523,17524,5
17524,17523,4
17524,17525,7
17525,17524,8
17525,17526,11
17526,17525,3
17526,17527,9
17527,17526,4
17527,17528,2
17528,17527,6
17528,17529,7
17529,17528,7
17529,17530,6
17530,17529,5
17530,17531,8
17531,17530,3
17531,17532,8
17532,17531,6
17532,17533,2
17533,17532,5
17533,17534,5
17534,17533,5
17534,17535,5
17535,17534,7
17535,17536,8
17536,17535,4
17536,17537,4
17537,17536,8
17537,17538,4
17538,17537,4
17538,17539,5
17539,17538,6
17539,17540,4
17540,17539,7
17540,17541,4
17541,17540,5
17541,17542,6
17542,17541,4
17542,17543,5
17543,17542,4
17543,17544,3
17544,17543,3
17544,17545,7
17545,17544,4
17545,17546,2
17546,17545,4
17546,17547,4
17547,17546,1
17547,17548,6
17548,17547,5
17548,17549,5
17549,17548,2
17549,17550,4
17550,17549,5
17550,17551,4
17551,17550,5
17551,17552,4
17552,17551,9
17552,17553,10
17553,17552,4
17553,17554,8
17554,17553,2
17554,17555,2
17555,17554,5
17555,17556,7
17556,17555,4
17556,17557,3
17557,17556,7
17557,17558,6
17558,17557,5
17558,17559,5
17559,17558,3
17559,17560,6
17560,17559,3
17560,17561,11
17561,17560,6
17561,17562,10
17562,17561,6
17562,17563,10
17563,17562,1
17563,17564,8
17564,17563,4
17564,17565,6
17565,17564,8
17565,17566,6
17566,17565,3
17566,17567,3
17567,17566,6
17567,17568,8
17568,17567,6
17568,17569,8
17569,17568,4
17569,17570,9
17570,17569,3
17570,17571,6
17571,17570,5
17571,17572,3
17572,17571,9
17572,17573,8
17573,17572,4
17573,17574,3
17574,17573,8
17574,17575,5
17575,17574,3
17575,17576,6
17576,17575,4
17576,17577,3
17577,17576,5
17577,17578,4
17578,17577,7
17578,17579,2
17579,17578,3
17579,17580,3
17580,17579,4
17580,17581,6
17581,17580,4
17581,17582,4
17582,17581,5
17582,17583,3
17583,17582,5
17583,17584,3
17584,17583,7
17584,17585,5
17585,17584,8
17585,17586,7
17586,17585,6
17586,17587,4
17587,17586,2
17587,17588,5
17588,17587,8
17588,17589,6
17589,17588,5
17589,17590,8
17590,17589,5
17590,17591,10
17591,17590,6
17591,17592,4
17592,17591,4
17592,17593,2
17593,17592,3
17593,17594,4
17594,17593,6
17594,17595,5
17595,17594,3
17595,17596,3
17596,17595,8
17596,17597,3
17597,17596,4
17597,17598,4
17598,17597,4
17598,17599,3
17599,17598,3
17599,17600,3
17600,17599,4
17600,17601,9
17601,17600,6
17601,17602,2
17602,17601,10
17602,17603,6
17603,17602,9
17603,17604,3
17604,17603,6
17604,17605,3
17605,17604,9
17605,17606,7
17606,17605,4
17606,17607,5
17607,17606,8
17607,17608,7
17608,17607,4
17608,17609,2
17609,17608,3
17609,17610,1
17610,17609,5
17610,17611,5
17611,17610,4
17611,17612,6
17612,17611,10
17612,17613,1
17613,17612,2
17613,17614,6
17614,17613,2
17614,17615,11
17615,17614,8
17615,17616,12
17616,17615,2
17616,17617,2
17617,17616,6
17617,17618,4
17618,17617,4
17618,17619,4
17619,17618,2
17619,17620,7
17620,17619,8
17620,17621,5
17621,17620,7
17621,17622,8
17622,17621,9
17622,17623,4
17623,17622,6
17623,17624,6
17624,17623,6
17624,17625,7
17625,17624,7
17625,17626,6
17626,17625,4
17626,17627,4
17627,17626,5
17627,17628,2
17628,17627,6
17628,17629,8
17629,17628,5
17629,17630,4
17630,17629,4
17630,17631,5
17631,17630,7
17631,17632,3
17632,17631,5
17632,17633,4
17633,17632,2
17633,17634,3
17634,17633,6
17634,17635,5
17635,17634,4
17635,17636,6
17636,17635,3
17636,17637,5
17637,17636,9
17637,17638,5
17638,17637,9
17638,17639,6
17639,17638,7
17639,17640,6
17640,17639,7
17640,17641,9
17641,17640,2
17641,17642,5
17642,17641,7
17642,17643,6
17643,17642,5
17643,17644,7
17644,17643,12
17644,17645,8
17645,17644,8
17645,17646,2
17646,17647,3
17647,17646,5
17647,17648,1
17648,17647,3
17648,17649,6
17649,17648,6
17649,17650,1
17650,17649,5
17650,17651,4
17651,17650,5
17651,17652,5
17652,17651,5
17652,17653,6
17653,17652,3
17653,17654,10
17654,17653,3
17654,17655,5
17655,17654,5
17655,17656,7
17656,17655,6
17656,17657,4
17657,17656,10
17657,17658,6
17658,17657,4
17658,17659,9
17659,17658,5
17659,17660,8
17660,17659,5
17660,17661,5
17661,17660,4
17661,17662,5
17662,17661,6
17662,17663,4
17663,17662,5
17663,17664,9
17664,17663,9
17664,17665,6
17665,17664,4
17665,17666,4
17666,17665,4
17666,17667,2
17667,17666,4
17667,17668,7
17668,17667,4
17668,17669,6
17669,17668,6
17669,17670,10
17670,17669,7
17670,17671,8
17671,17670,4
17671,17672,4
17672,17671,5
17672,17673,7
17673,17672,6
17673,17674,3
17674,17673,5
17674,17675,6
17675,17674,6
17675,17676,6
17676,17675,6
17676,17677,1
17677,17676,7
17677,17678,8
17678,17677,8
17678,17679,5
17679,17678,5
17679,17680,3
17680,17679,4
17680,17681,7
17681,17680,5
17681,17682,5
17682,17681,3
17682,17683,6
17683,17682,4
17683,17684,1
17684,17683,4
17684,17685,5
17685,17684,6
17685,17686,6
17686,17685,9
17686,17687,8
17687,17686,4
17687,17688,8
17688,17687,4
17688,17689,11
17689,17688,5
17689,17690,5
17690,17689,6
17690,17691,4
17691,17690,9
17691,17692,6
17692,17691,3
17692,17693,5
17693,17692,4
17693,17694,5
17694,17693,6
17694,17695,6
17695,17694,7
17695,17696,4
17696,17695,7
17696,17697,6
17697,17696,3
17697,17698,1
17698,17697,4
17698,17699,9
17699,17698,7
17699,17700,5
17700,17699,11
17700,17701,5
17701,17700,5
17701,17702,4
17702,17701,8
17702,17703,8
17703,17702,7
17703,17704,7
17704,17703,7
17704,17705,7
17705,17704,1
17705,17706,5
17706,17705,5
17706,17707,4
17707,17706,7
17707,17708,5
17708,17707,5
17708,17709,4
17709,17708,9
17709,17710,1
17710,17709,1
17710,17711,2
17711,17710,4
17711,17712,9
17712,17711,7
17712,17713,4
17713,17712,2
17713,17714,1
17714,17713,8
17714,17715,7
17715,17714,7
17715,17716,4
17716,17715,6
17716,17717,4
17717,17716,8
17717,17718,7
17718,17717,7
17718,17719,6
17719,17718,5
17719,17720,4
17720,17719,7
17720,17721,7
17721,17720,10
17721,17722,3
17722,17721,6
17722,17723,3
17723,17722,6
17723,17724,10
17724,17723,7
17724,17725,9
17725,17724,5
17725,17726,4
17726,17725,4
17726,17727,7
17727,17726,5
17727,17728,7
17728,17727,3
17728,17729,8
17729,17728,6
17729,17730,6
17730,17729,9
17730,17731,10
17731,17730,5
17731,17732,8
17732,17731,5
17732,17733,7
17733,17732,6
17733,17734,3
17734,17733,8
17734,17735,2
17735,17734,6
17735,17736,10
17736,17735,4
17736,17737,7
17737,17736,2
17737,17738,11
17738,17737,6
17738,17739,7
17739,17738,10
17739,17740,5
17740,17739,8
17740,17741,6
17741,17740,5
17741,17742,6
17742,17741,6
17742,17743,2
17743,17742,9
17743,17744,2
17744,17743,3
17744,17745,4
17745,17744,10
17745,17746,8
17746,17745,8
17746,17747,7
17747,17746,3
17747,17748,6
17748,17747,2
17748,17749,5
17749,17748,5
17749,17750,6
17750,17749,6
17750,17751,6
17751,17750,6
17751,17752,5
17752,17751,10
17752,17753,4
17753,17752,5
17753,17754,6
17754,17753,4
17754,17755,3
17755,17754,7
17755,17756,7
17756,17755,8
17756,17757,5
17757,17756,3
17757,17758,9
17758,17757,5
17758,17759,4
17759,17758,7
17759,17760,8
17760,17759,6
17760,17761,3
17761,17760,7
17761,17762,7
17762,17761,3
17762,17763,10
17763,17762,8
17763,17764,7
17764,17763,5
17765,17764,3
17765,17766,14
17766,17765,3
17766,17767,6
17767,17766,7
17767,17768,4
17768,17767,7
17768,17769,3
17769,17768,8
17769,17770,7
17770,17769,9
17770,17771,5
17771,17770,5
17771,17772,4
17772,17771,3
17772,17773,4
17773,17772,6
17773,17774,11
17774,17773,6
17774,17775,2
17775,17774,8
17775,17776,5
17776,17775,8
17776,17777,9
17777,17776,4
17777,17778,3
17778,17777,3
17778,17779,9
17779,17778,8
17779,17780,6
17780,17779,6
17780,17781,3
17781,17780,4
17781,17782,7
17782,17781,1
17782,17783,5
17783,17782,5
17783,17784,6
17784,17783,6
17784,17785,5
17785,17784,5
17785,17786,5
17786,17785,3
17786,17787,8
17787,17786,7
17787,17788,4
17788,17787,3
17788,17789,3
17789,17788,7
17789,17790,3
17790,17789,3
17790,17791,6
17791,17790,5
17791,17792,4
17792,17791,7
17792,17793,8
17793,17792,3
17793,17794,2
17794,17793,5
17794,17795,5
17795,17794,4
17795,17796,8
17796,17795,6
17796,17797,5
17797,17796,6
17797,17798,6
17798,17797,7
17798,17799,8
17799,17798,5
17799,17800,6
17800,17799,5
17800,17801,8
17801,17800,4
17801,17802,10
17802,17801,11
17802,17803,7
17803,17802,7
17803,17804,4
17804,17803,7
17804,17805,6
17805,17804,5
17805,17806,5
17806,17805,6
17806,17807,4
17807,17806,6
17807,17808,2
17808,17807,7
17808,17809,3
17809,17808,7
17809,17810,4
17810,17809,2
17810,17811,5
17811,17810,6
17811,17812,7
17812,17811,4
17812,17813,6
17813,17812,7
17813,17814,4
17814,17813,7
17814,17815,4
17815,17814,6
17815,17816,7
17816,17815,1
17816,17817,4
17817,17816,4
17817,17818,3
17818,17817,7
17818,17819,4
17819,17818,4
17819,17820,7
17820,17819,5
17820,17821,4
17821,17820,2
17821,17822,6
17822,17821,7
17822,17823,6
17823,17822,13
17823,17824,12
17824,17823,8
17824,17825,5
17825,17824,7
17825,17826,3
17826,17825,2
17826,17827,5
17827,17826,6
17827,17828,4
17828,17827,4
17828,17829,9
17829,17828,7
17829,17830,3
17830,17829,4
17830,17831,1
17831,17830,6
17831,17832,2
17832,17831,7
17832,17833,3
17833,17832,3
17833,17834,1
17834,17833,6
17834,17835,5
17835,17834,3
17835,17836,6
17836,17835,6
17836,17837,6
17837,17836,5
17837,17838,7
17838,17837,4
17838,17839,5
17839,17838,2
17839,17840,5
17840,17839,6
17840,17841,7
17841,17840,7
17841,17842,5
17842,17841,7
17842,17843,4
17843,17842,5
17843,17844,4
17844,17843,6
17844,17845,4
17845,17844,7
17845,17846,7
17846,17845,2
17846,17847,4
17847,17846,3
17847,17848,2
17848,17847,1
17848,17849,6
17849,17848,2
17849,17850,7
17850,17849,7
17850,17851,5
17851,17850,3
17851,17852,9
17852,17851,4
17852,17853,7
17853,17852,6
17853,17854,7
17854,17853,2
17854,17855,2
17855,17854,6
17855,17856,4
17856,17855,3
17856,17857,7
17857,17856,4
17857,17858,5
17858,17857,4
17858,17859,5
17859,17858,3
17859,17860,7
17860,17859,3
17860,17861,5
17861,17860,6
17861,17862,1
17862,17861,4
17862,17863,7
17863,17862,5
17863,17864,7
17864,17863,2
17864,17865,2
17865,17864,4
17865,17866,3
17866,17865,8
17866,17867,2
17867,17866,8
17867,17868,4
17868,17867,6
17868,17869,8
17869,17868,5
17869,17870,10
17870,17869,5
17870,17871,6
17871,17870,8
17871,17872,1
17872,17871,6
17872,17873,7
17873,17872,5
17873,17874,5
17874,17873,3
17874,17875,10
17875,17874,4
17875,17876,5
17876,17875,6
17876,17877,4
17877,17876,8
17877,17878,8
17878,17877,7
17878,17879,5
17879,17878,3
17879,17880,4
17880,17879,5
17880,17881,5
17881,17880,5
17881,17882,7
17882,17881,9
17882,17883,6
17883,17882,4
17883,17884,7
17884,17883,3
17884,17885,3
17885,17884,4
17885,17886,5
17886,17885,4
17886,17887,5
17887,17886,4
17887,17888,3
17888,17887,4
17888,17889,6
17889,17888,6
17889,17890,9
17890,17889,7
17890,17891,7
17891,17890,2
17891,17892,8
17892,17891,1
17892,17893,4
17893,17892,5
17893,17894,10
17894,17893,7
17894,17895,3
17895,17894,6
17895,17896,6
17896,17895,6
17896,17897,1
17897,17896,7
17897,17898,5
17898,17897,3
17898,17899,8
17899,17898,5
17899,17900,1
17900,17899,8
17900,17901,5
17901,17900,5
17901,17902,5
17902,17901,7
17902,17903,6
17903,17902,8
17903,17904,7
17904,17903,4
17904,17905,9
17905,17904,6
17905,17906,1
17906,17905,6
17906,17907,5
17907,17906,7
17907,17908,8
17908,17907,5
17908,17909,6
17909,17908,12
17909,17910,9
17910,17909,7
17910,17911,3
17911,17910,8
17911,17912,3
17912,17911,7
17912,17913,6
17913,17912,6
17913,17914,5
17914,17913,7
17914,17915,5
17915,17914,7
17915,17916,8
17916,17915,5
17916,17917,6
17917,17916,3
17917,17918,1
17918,17917,5
17918,17919,5
17919,17918,10
17919,17920,5
17920,17919,6
17920,17921,4
17921,17920,3
17921,17922,5
17922,17921,3
17922,17923,5
17923,17922,8
17923,17924,5
17924,17923,3
17924,17925,1
17925,17926,5
17926,17925,7
17926,17927,4
17927,17926,3
17927,17928,3
17928,17927,5
17928,17929,7
17929,17928,1
17929,17930,7
17930,17929,3
17930,17931,8
17931,17930,13
17931,17932,3
17932,17931,4
17932,17933,3
17933,17932,5
17933,17934,3
17934,17933,4
17934,17935,5
17935,17934,7
17935,17936,2
17936,17935,6
17936,17937,8
17937,17936,7
17937,17938,8
17938,17937,3
17938,17939,3
17939,17938,2
17939,17940,5
17940,17939,3
17940,17941,9
17941,17940,3
17941,17942,7
17942,17941,4
17942,17943,4
17943,17942,1
17943,17944,3
17944,17943,9
17944,17945,1
17945,17944,6
17945,17946,4
17946,17945,4
17946,17947,1
17947,17946,5
17947,17948,3
17948,17947,8
17948,17949,5
17949,17948,3
17949,17950,5
17950,17949,2
17950,17951,7
17951,17950,3
17951,17952,7
17952,17951,6
17952,17953,7
17953,17952,4
17953,17954,7
17954,17953,1
17954,17955,6
17955,17954,6
17955,17956,4
17956,17955,5
17956,17957,6
17957,17956,5
17957,17958,1
17958,17957,6
17958,17959,8
17959,17958,3
17959,17960,1
17960,17959,2
17960,17961,4
17961,17960,4
17961,17962,3
17962,17961,4
17962,17963,5
17963,17962,5
17963,17964,4
17964,17963,3
17964,17965,9
17965,17964,8
17965,17966,4
17966,17965,7
17966,17967,6
17967,17966,4
17967,17968,9
17968,17967,3
17968,17969,9
17969,17968,2
17969,17970,3
17970,17969,6
17970,17971,6
17971,17970,1
17971,17972,8
17972,17971,2
17972,17973,2
17973,17972,4
17973,17974,1
17974,17973,6
17974,17975,3
17975,17974,2
17975,17976,4
17976,17975,6
17976,17977,3
17977,17976,7
17977,17978,5
17978,17977,3
17978,17979,5
17979,17978,5
17979,17980,4
17980,17979,4
17980,17981,3
17981,17980,6
17981,17982,9
17982,17981,3
17982,17983,6
17983,17982,5
17983,17984,7
17984,17983,4
17984,17985,4
17985,17984,11
17985,17986,4
17986,17985,2
17986,17987,4
17987,17986,4
17987,17988,8
17988,17987,3
17988,17989,2
17989,17988,3
17989,17990,4
17990,17989,4
17990,17991,1
17991,17990,7
17991,17992,5
17992,17991,3
17992,17993,4
17993,17992,5
17993,17994,4
17994,17993,4
17994,17995,3
17995,17994,8
17995,17996,5
17996,17995,4
17996,17997,3
17997,17996,4
17997,17998,7
17998,17997,8
17998,17999,4
17999,17998,6
17999,18000,7
18000,17999,7
18000,18001,3
18001,18000,4
18001,18002,8
18002,18001,1
18002,18003,4
18003,18002,4
18003,18004,8
18004,18003,5
18004,18005,8
18005,18004,6
18005,18006,4
18006,18005,3
18006,18007,5
18007,18006,3
18007,18008,1
18008,18007,6
18008,18009,8
18009,18008,8
18009,18010,4
18010,18009,3
18010,18011,3
18011,18010,5
18011,18012,5
18012,18011,4
18012,18013,10
18013,18012,7
18013,18014,3
18014,18013,6
18014,18015,6
18015,18014,3
18015,18016,3
18016,18015,5
18016,18017,10
18017,18016,5
18017,18018,4
18018,18017,9
18018,18019,5
18019,18018,4
18019,18020,5
18020,18019,1
18020,18021,6
18021,18020,7
18021,18022,5
18022,18021,5
18022,18023,4
18023,18022,3
18023,18024,2
18024,18023,7
18024,18025,7
18025,18024,3
18025,18026,4
18026,18025,6
18026,18027,9
18027,18026,2
18027,18028,4
18028,18027,7
18028,18029,4
18029,18028,5
18029,18030,7
18030,18029,6
18030,18031,7
18031,18030,1
18031,18032,6
18032,18031,6
18032,18033,5
18033,18032,8
18033,18034,2
18034,18033,5
18034,18035,5
18035,18034,7
18035,18036,9
18036,18035,4
18036,18037,6
18037,18036,7
18037,18038,5
18038,18037,10
18038,18039,3
18039,18038,9
18039,18040,5
18040,18039,3
18040,18041,4
18041,18040,3
18041,18042,1
18042,18041,5
18042,18043,5
18043,18042,6
18043,18044,5
18044,18043,6
18044,18045,8
18045,18044,2
18045,18046,8
18046,18045,2
18046,18047,2
18047,18046,5
18047,18048,4
18048,18047,8
18048,18049,6
18049,18048,5
18049,18050,2
18050,18049,4
18050,18051,6
18051,18050,7
18051,18052,7
18052,18051,2
18052,18053,6
18053,18052,4
18053,18054,5
18054,18053,8
18054,18055,4
18055,18054,4
18055,18056,4
18056,18055,4
18056,18057,4
18057,18056,4
18057,18058,6
18058,18057,3
18058,18059,5
18059,18058,7
18059,18060,4
18060,18059,9
18060,18061,5
18061,18060,3
18061,18062,4
18062,18061,3
18062,18063,6
18063,18062,5
18063,18064,3
18064,18063,4
18064,18065,5
18065,18064,2
18065,18066,3
18066,18065,6
18066,18067,9
18067,18066,4
18067,18068,4
18068,18067,5
18068,18069,10
18069,18068,4
18069,18070,6
18070,18069,5
18070,18071,8
18071,18070,4
18071,18072,5
18072,18071,9
18072,18073,6
18073,18072,7
18073,18074,3
18074,18073,2
18074,18075,8
18075,18074,4
18075,18076,5
18076,18075,6
18076,18077,6
18077,18076,8
18077,18078,2
18078,18077,6
18078,18079,7
18079,18078,7
18079,18080,4
18080,18079,4
18080,18081,7
18081,18080,3
18081,18082,6
18082,18081,1
18082,18083,6
18083,18082,5
18083,18084,4
18084,18083,8
18084,18085,3
18085,18084,4
18085,18086,3
18086,18085,6
18086,18087,9
18087,18086,5
18087,18088,7
18088,18087,3
18088,18089,2
18089,18088,6
18089,18090,7
18090,18089,3
18090,18091,4
18091,18090,4
18091,18092,5
18092,18091,2
18092,18093,4
18093,18092,3
18093,18094,1
18094,18093,5
18094,18095,4
18095,18094,3
18095,18096,4
18096,18095,3
18096,18097,4
18097,18096,2
18097,18098,1
18098,18097,4
18098,18099,5
18099,18098,5
18099,18100,5
18100,18099,2
18100,18101,5
18101,18100,4
18101,18102,6
18102,18101,6
18102,18103,3
18103,18102,2
18103,18104,3
18104,18103,7
18104,18105,1
18105,18104,3
18105,18106,5
18106,18105,4
18106,18107,4
18107,18106,5
18107,18108,1
18108,18107,5
18108,18109,5
18109,18108,8
18109,18110,1
18110,18109,4
18110,18111,9
18111,18110,7
18111,18112,5
18112,18111,4
18112,18113,5
18113,18112,4
18113,18114,9
18114,18113,3
18114,18115,3
18115,18114,9
18115,18116,3
18116,18115,6
18116,18117,2
18117,18116,3
18117,18118,6
18118,18117,7
18118,18119,7
18119,18118,5
18119,18120,3
18120,18119,8
18120,18121,5
18121,18120,8
18121,18122,6
18122,18121,6
18123,18122,4
18123,18124,6
18124,18123,4
18124,18125,5
18125,18124,7
18125,18126,5
18126,18125,7
18126,18127,3
18127,18126,3
18127,18128,4
18128,18127,3
18128,18129,8
18129,18128,3
18129,18130,6
18130,18129,4
18130,18131,3
18131,18130,4
18131,18132,4
18132,18131,8
18132,18133,3
18133,18132,11
18133,18134,3
18134,18133,8
18134,18135,2
18135,18134,1
18135,18136,4
18136,18135,4
18136,18137,6
18137,18136,5
18137,18138,8
18138,18137,7
18138,18139,7
18139,18138,5
18139,18140,2
18140,18139,5
18140,18141,10
18141,18142,2
18142,18141,5
18142,18143,6
18143,18142,10
18143,18144,8
18144,18143,7
18144,18145,6
18145,18144,5
18145,18146,7
18146,18145,9
18146,18147,4
18147,18146,5
18147,18148,8
18148,18147,6
18148,18149,4
18149,18148,3
18149,18150,6
18150,18149,4
18150,18151,6
18151,18150,2
18151,18152,9
18152,18151,3
18152,18153,4
18153,18152,4
18153,18154,12
18154,18153,5
18154,18155,4
18155,18154,2
18155,18156,5
18156,18155,3
18156,18157,4
18157,18156,6
18157,18158,8
18158,18157,5
18158,18159,3
18159,18158,7
18159,18160,4
18160,18159,1
18160,18161,3
18161,18160,7
18161,18162,5
18162,18161,4
18162,18163,5
18163,18162,5
18163,18164,3
18164,18163,3
18164,18165,5
18165,18164,3
18165,18166,5
18166,18165,1
18166,18167,8
18167,18166,8
18167,18168,8
18168,18167,6
18168,18169,4
18169,18168,4
18169,18170,5
18170,18169,6
18170,18171,6
18171,18170,1
18171,18172,4
18172,18171,6
18172,18173,4
18173,18172,5
18173,18174,4
18174,18173,5
18174,18175,9
18175,18174,5
18175,18176,9
18176,18175,3
18176,18177,6
18177,18176,3
18177,18178,5
18178,18177,10
18178,18179,3
18179,18178,4
18179,18180,8
18180,18179,1
18180,18181,6
18181,18180,3
18181,18182,2
18182,18181,2
18182,18183,10
18183,18182,5
18183,18184,4
18184,18183,2
18184,18185,8
18185,18184,3
18185,18186,6
18186,18185,4
18186,18187,9
18187,18186,5
18187,18188,4
18188,18187,7
18188,18189,6
18189,18188,1
18189,18190,8
18190,18189,5
18190,18191,6
18191,18190,2
18191,18192,3
18192,18191,4
18192,18193,7
18193,18192,1
18193,18194,4
18194,18193,7
18194,18195,3
18195,18194,6
18195,18196,9
18196,18195,5
18196,18197,4
18197,18198,4
18198,18197,11
18198,18199,6
18199,18198,7
18199,18200,2
18200,18199,8
18200,18201,9
18201,18200,6
18201,18202,5
18202,18201,1
18202,18203,7
18203,18202,5
18203,18204,6
18204,18203,2
18204,18205,4
18205,18204,2
18205,18206,4
18206,18205,4
18206,18207,6
18207,18206,1
18207,18208,3
18208,18207,2
18208,18209,4
18209,18208,4
18209,18210,7
18210,18209,6
18210,18211,7
18211,18210,7
18211,18212,5
18212,18211,2
18212,18213,5
18213,18212,12
18213,18214,4
18214,18213,7
18214,18215,7
18215,18214,5
18215,18216,6
18216,18215,5
18216,18217,3
18217,18216,1
18217,18218,6
18218,18217,6
18218,18219,7
18219,18218,4
18219,18220,8
18220,18219,6
18220,18221,7
18221,18220,5
18221,18222,7
18222,18221,6
18222,18223,10
18223,18222,2
18223,18224,5
18224,18223,5
18224,18225,6
18225,18224,2
18225,18226,8
18226,18225,2
18226,18227,4
18227,18226,8
18227,18228,3
18228,18227,5
18228,18229,3
18229,18228,4
18229,18230,6
18230,18229,1
18230,18231,2
18231,18230,1
18231,18232,5
18232,18231,6
18232,18233,9
18233,18232,1
18233,18234,4
18234,18233,5
18234,18235,3
18235,18234,7
18235,18236,7
18236,18235,5
18236,18237,3
18237,18236,2
18237,18238,2
18238,18237,8
18238,18239,5
18239,18238,4
18239,18240,4
18240,18239,4
18240,18241,4
18241,18240,3
18241,18242,1
18242,18241,6
18243,18242,4
18243,18244,5
18244,18243,5
18244,18245,5
18245,18244,4
18245,18246,4
18246,18245,3
18246,18247,9
18247,18246,5
18247,18248,7
18248,18247,1
18248,18249,5
18249,18248,4
18249,18250,6
18250,18249,5
18250,18251,11
18251,18250,6
18251,18252,3
18252,18251,4
18252,18253,6
18253,18252,4
18253,18254,5
18254,18253,4
18254,18255,6
18255,18254,7
18255,18256,9
18256,18255,9
18256,18257,3
18257,18256,7
18257,18258,7
18258,18257,3
18258,18259,5
18259,18258,8
18259,18260,5
18260,18259,3
18260,18261,4
18261,18260,3
18261,18262,6
18262,18261,5
18262,18263,6
18263,18262,5
18263,18264,5
18264,18263,4
18264,18265,4
18265,18264,2
18265,18266,4
18266,18265,7
18266,18267,5
18267,18266,3
18267,18268,5
18268,18267,3
18268,18269,3
18269,18268,4
18269,18270,5
18270,18269,5
18270,18271,6
18271,18270,7
18271,18272,5
18272,18271,2
18272,18273,4
18273,18272,4
18273,18274,5
18274,18273,3
18274,18275,6
18275,18274,2
18275,18276,9
18276,18275,11
18276,18277,1
18277,18276,1
18277,18278,6
18278,18277,1
18278,18279,3
18279,18278,6
18279,18280,6
18280,18279,3
18280,18281,4
18281,18280,3
18281,18282,3
18282,18281,4
18282,18283,4
18283,18282,5
18283,18284,4
18284,18283,4
18284,18285,4
18285,18284,6
18286,18285,2
18286,18287,4
18287,18286,1
18287,18288,6
18288,18287,2
18288,18289,1
18289,18288,3
18289,18290,5
18290,18289,3
18290,18291,5
18291,18290,2
18291,18292,7
18292,18291,5
18292,18293,3
18293,18292,9
18293,18294,3
18294,18293,5
18294,18295,6
18295,18294,6
18295,18296,4
18296,18295,4
18296,18297,4
18297,18296,3
18297,18298,2
18298,18297,1
18298,18299,6
18299,18298,4
18299,18300,2
18300,18299,2
18300,18301,8
18301,18300,4
18301,18302,5
18302,18301,3
18302,18303,2
18303,18302,3
18303,18304,5
18304,18303,6
18304,18305,4
18305,18304,7
18305,18306,5
18306,18305,5
18306,18307,4
18307,18306,6
18307,18308,5
18308,18307,4
18308,18309,4
18309,18308,5
18309,18310,7
18310,18309,6
18310,18311,3
18311,18310,4
18311,18312,8
18312,18311,5
18312,18313,5
18313,18312,3
18313,18314,6
18314,18313,3
18314,18315,4
18315,18314,4
18315,18316,4
18316,18315,2
18316,18317,2
18317,18316,7
18317,18318,3
18318,18317,3
18318,18319,2
18319,18318,6
18319,18320,4
18320,18319,4
18320,18321,3
18321,18320,5
18321,18322,5
18322,18321,2
18322,18323,1
18323,18322,4
18323,18324,4
18324,18323,5
18324,18325,10
18325,18324,2
18325,18326,1
18326,18325,5
18326,18327,7
18327,18326,2
18327,18328,4
18328,18327,2
18328,18329,3
18329,18328,6
18329,18330,2
18330,18329,9
18330,18331,6
18331,18332,7
18332,18331,5
18332,18333,1
18333,18332,4
18333,18334,2
18334,18333,2
18334,18335,3
18335,18334,5
18335,18336,9
18336,18335,1
18336,18337,5
18337,18336,4
18337,18338,8
18338,18337,2
18338,18339,8
18339,18338,5
18339,18340,5
18340,18339,2
18340,18341,6
18341,18340,1
18341,18342,7
18342,18341,3
18342,18343,4
18343,18342,7
18343,18344,7
18344,18345,4
18345,18344,4
18345,18346,7
18346,18345,1
18346,18347,10
18347,18346,2
18347,18348,5
18348,18347,4
18348,18349,5
18349,18348,9
18349,18350,6
18350,18349,9
18350,18351,8
18351,18350,5
18351,18352,3
18352,18351,6
18352,18353,4
18353,18352,5
18353,18354,3
18354,18353,8
18354,18355,2
18355,18354,3
18355,18356,4
18356,18355,6
18356,18357,3
18357,18356,6
18357,18358,5
18358,18357,2
18358,18359,3
18359,18358,8
18359,18360,6
18360,18359,5
18360,18361,6
18361,18360,3
18361,18362,9
18362,18361,5
18362,18363,2
18363,18362,4
18363,18364,3
18364,18363,3
18364,18365,4
18365,18364,5
18365,18366,4
18366,18365,5
18366,18367,7
18367,18366,3
18367,18368,4
18368,18367,10
18368,18369,5
18369,18368,10
18369,18370,6
18370,18369,2
18370,18371,4
18371,18370,2
18371,18372,5
18372,18371,3
18372,18373,2
18373,18372,4
18373,18374,4
18374,18373,4
18374,18375,2
18375,18374,7
18376,18375,1
18376,18377,2
18377,18376,3
18377,18378,6
18378,18377,4
18378,18379,5
18379,18378,3
18379,18380,10
18380,18379,6
18380,18381,3
18381,18380,6
18381,18382,1
18382,18381,2
18382,18383,3
18383,18382,1
18383,18384,3
18384,18383,3
18384,18385,4
18385,18384,3
18385,18386,4
18386,18385,4
18386,18387,4
18387,18386,3
18387,18388,4
18388,18387,7
18388,18389,2
18389,18388,8
18389,18390,5
18390,18389,6
18390,18391,4
18391,18390,2
18391,18392,6
18392,18391,5
18392,18393,2
18393,18392,2
18393,18394,7
18394,18393,3
18394,18395,3
18395,18394,6
18395,18396,5
18396,18395,2
18396,18397,4
18397,18396,2
18397,18398,2
18398,18397,6
18398,18399,4
18399,18398,4
18399,18400,5
18400,18399,6
18400,18401,7
18401,18400,6
18401,18402,7
18402,18401,5
18402,18403,3
18403,18402,2
18403,18404,5
18404,18403,4
18404,18405,3
18405,18404,3
18405,18406,2
18406,18405,3
18406,18407,5
18407,18406,2
18407,18408,1
18408,18407,4
18408,18409,4
18409,18408,7
18409,18410,7
18410,18409,6
18410,18411,2
18411,18410,2
18411,18412,4
18412,18411,4
18412,18413,9
18413,18412,4
18414,18413,4
18414,18415,3
18415,18414,4
18415,18416,3
18416,18415,6
18416,18417,5
18417,18416,5
18417,18418,4
18418,18417,5
18418,18419,2
18419,18418,5
18419,18420,3
18420,18419,4
18420,18421,5
18421,18420,4
18421,18422,3
18422,18421,2
18422,18423,3
18423,18422,3
18423,18424,5
18424,18423,5
18425,18424,3
18425,18426,6
18426,18425,6
18426,18427,4
18427,18426,1
18427,18428,7
18428,18427,1
18428,18429,6
18429,18428,4
18429,18430,6
18430,18429,4
18430,18431,2
18431,18430,2
18431,18432,1
18432,18431,2
18432,18433,5
18433,18432,7
18433,18434,2
18434,18433,6
18434,18435,7
18435,18434,7
18435,18436,7
18436,18435,6
18436,18437,4
18437,18436,6
18437,18438,5
18438,18437,2
18438,18439,4
18439,18438,5
18439,18440,3
18440,18439,5
18440,18441,3
18441,18440,3
18441,18442,3
18442,18441,2
18442,18443,7
18443,18442,6
18443,18444,3
18444,18443,2
18444,18445,4
18445,18444,5
18445,18446,6
18446,18445,3
18446,18447,3
18447,18446,7
18447,18448,4
18448,18447,2
18448,18449,7
18449,18448,9
18449,18450,3
18450,18449,7
18450,18451,2
18451,18450,4
18451,18452,5
18452,18451,3
18452,18453,5
18453,18452,3
18453,18454,4
18454,18453,1
18454,18455,6
18455,18454,3
18455,18456,7
18456,18455,4
18456,18457,5
18457,18456,3
18457,18458,4
18458,18457,6
18458,18459,9
18459,18458,5
18459,18460,4
18460,18459,4
18460,18461,6
18461,18460,6
18461,18462,5
18462,18461,5
18462,18463,3
18463,18462,3
18463,18464,9
18464,18463,4
18464,18465,6
18465,18464,7
18465,18466,6
18466,18465,1
18466,18467,6
18467,18466,2
18467,18468,4
18468,18467,2
18468,18469,1
18469,18468,8
18469,18470,5
18470,18469,1
18470,18471,4
18471,18470,4
18471,18472,6
18472,18471,5
18472,18473,4
18473,18472,5
18473,18474,4
18474,18473,6
18474,18475,4
18475,18474,4
18475,18476,3
18476,18475,4
18476,18477,5
18477,18478,6
18478,18477,6
18478,18479,3
18479,18478,1
18479,18480,4
18480,18479,3
18480,18481,7
18481,18480,1
18481,18482,3
18482,18481,3
18482,18483,3
18483,18482,4
18483,18484,4
18484,18483,6
18484,18485,6
18485,18484,6
18485,18486,4
18486,18485,4
18486,18487,3
18487,18486,4
18487,18488,3
18488,18487,2
18488,18489,5
18489,18488,7
18489,18490,7
18490,18489,2
18490,18491,3
18491,18490,6
18491,18492,8
18492,18493,4
18493,18492,8
18493,18494,3
18494,18495,5
18495,18494,2
18495,18496,5
18496,18495,2
18496,18497,5
18497,18496,2
18497,18498,6
18498,18497,1
18498,18499,1
18499,18498,5
18499,18500,6
18500,18499,7
18500,18501,3
18501,18502,6
18502,18501,6
18502,18503,3
18503,18502,3
18503,18504,7
18504,18503,3
18504,18505,1
18505,18504,4
18505,18506,1
18506,18505,5
18506,18507,6
18507,18506,3
18507,18508,3
18508,18507,4
18508,18509,1
18509,18508,7
18509,18510,10
18510,18511,8
18511,18510,2
18511,18512,4
18512,18511,3
18512,18513,4
18513,18512,2
18513,18514,8
18514,18513,6
18514,18515,4
18515,18514,4
18515,18516,3
18516,18515,3
18516,18517,1
18517,18516,5
18517,18518,3
18518,18517,1
18518,18519,3
18519,18518,4
18519,18520,2
18520,18519,5
18520,18521,4
18521,18520,3
18521,18522,5
18522,18521,8
18522,18523,5
18523,18522,6
18523,18524,6
18524,18523,9
18524,18525,2
18525,18524,1
18525,18526,1
18526,18525,3
18526,18527,5
18527,18526,2
18527,18528,2
18528,18527,5
18528,18529,6
18529,18528,7
18529,18530,4
18530,18529,7
18530,18531,7
18531,18530,3
18531,18532,6
18532,18531,2
18532,18533,3
18533,18532,1
18533,18534,4
18534,18533,4
18534,18535,5
18535,18534,7
18535,18536,5
18536,18535,4
18536,18537,3
18537,18536,2
18537,18538,3
18538,18537,1
18538,18539,3
18539,18538,3
18539,18540,6
18540,18539,4
18540,18541,8
18541,18540,4
18541,18542,4
18542,18541,4
18543,18542,4
18543,18544,2
18544,18543,5
18544,18545,1
18545,18544,4
18545,18546,3
18546,18545,5
18546,18547,7
18547,18546,1
18547,18548,3
18548,18547,4
18548,18549,3
18549,18548,6
18549,18550,9
18550,18549,3
18550,18551,3
18551,18550,2
18551,18552,2
18552,18551,6
18552,18553,5
18553,18552,3
18553,18554,4
18554,18553,6
18554,18555,4
18555,18554,3
18555,18556,5
18556,18555,2
18556,18557,2
18557,18556,5
18557,18558,1
18558,18557,4
18558,18559,4
18559,18558,6
18559,18560,4
18560,18559,4
18561,18560,4
18561,18562,5
18562,18561,3
18562,18563,4
18563,18562,3
18563,18564,2
18564,18563,6
18564,18565,1
18565,18564,3
18565,18566,4
18566,18565,5
18566,18567,1
18567,18566,4
18567,18568,5
18568,18567,2
18568,18569,3
18569,18568,4
18569,18570,4
18570,18569,2
18570,18571,2
18571,18570,9
18571,18572,3
18572,18571,5
18572,18573,7
18573,18572,2
18574,18573,3
18574,18575,2
18575,18574,2
18575,18576,4
18576,18575,1
18576,18577,7
18577,18576,5
18577,18578,6
18578,18577,2
18578,18579,6
18579,18578,5
18579,18580,3
18580,18579,3
18580,18581,3
18581,18580,5
18581,18582,3
18582,18581,3
18582,18583,5
18583,18582,4
18583,18584,5
18584,18583,3
18584,18585,5
18585,18584,5
18585,18586,4
18586,18585,6
18586,18587,3
18587,18586,6
18587,18588,2
18588,18587,6
18588,18589,1
18589,18588,2
18589,18590,2
18590,18589,1
18590,18591,3
18591,18590,6
18591,18592,4
18592,18591,4
18592,18593,1
18593,18592,2
18593,18594,4
18594,18593,4
18594,18595,3
18595,18594,6
18595,18596,3
18596,18595,6
18596,18597,2
18597,18596,2
18597,18598,6
18598,18597,4
18598,18599,6
18599,18598,2
18599,18600,5
18600,18599,4
18600,18601,2
18601,18600,3
18601,18602,2
18602,18601,2
18602,18603,3
18603,18602,5
18603,18604,2
18604,18603,3
18604,18605,2
18605,18604,5
18606,18605,4
18606,18607,6
18607,18608,3
18608,18607,3
18609,18608,2
18609,18610,5
18610,18609,1
18610,18611,4
18611,18610,5
18611,18612,2
18612,18611,5
18612,18613,5
18613,18612,6
18613,18614,2
18614,18613,7
18614,18615,2
18615,18614,1
18615,18616,5
18616,18615,2
18616,18617,4
18617,18616,4
18617,18618,2
18618,18617,3
18618,18619,4
18619,18618,1
18619,18620,2
18620,18619,6
18620,18621,3
18621,18620,2
18621,18622,6
18622,18621,2
18622,18623,2
18623,18622,3
18623,18624,8
18624,18623,4
18624,18625,2
18625,18624,3
18625,18626,2
18626,18625,3
18626,18627,1
18627,18626,4
18627,18628,4
18628,18627,4
18628,18629,4
18629,18628,6
18629,18630,2
18630,18629,2
18630,18631,6
18631,18632,1
18632,18631,5
18632,18633,2
18633,18632,2
18633,18634,3
18634,18633,3
18634,18635,3
18635,18634,4
18635,18636,3
18636,18635,2
18636,18637,7
18637,18636,4
18637,18638,7
18638,18637,4
18638,18639,2
18639,18638,2
18639,18640,2
18640,18639,4
18640,18641,4
18641,18640,4
18641,18642,2
18642,18641,5
18642,18643,1
18643,18644,3
18644,18643,3
18644,18645,4
18645,18644,3
18645,18646,5
18646,18645,2
18646,18647,5
18647,18646,5
18647,18648,4
18648,18647,3
18648,18649,5
18649,18648,4
18649,18650,2
18650,18649,3
18650,18651,2
18651,18650,5
18651,18652,4
18652,18651,3
18652,18653,4
18653,18652,2
18653,18654,5
18654,18653,2
18654,18655,2
18655,18654,5
18655,18656,3
18656,18655,7
18656,18657,1
18657,18656,3
18657,18658,2
18658,18657,2
18659,18658,2
18659,18660,3
18660,18659,4
18660,18661,2
18661,18660,2
18661,18662,3
18662,18661,3
18662,18663,5
18663,18664,3
18664,18663,9
18664,18665,2
18665,18664,4
18665,18666,2
18666,18665,2
18666,18667,3
18667,18666,7
18667,18668,4
18668,18669,6
18669,18668,2
18669,18670,4
18670,18669,3
18670,18671,5
18671,18670,4
18671,18672,4
18672,18671,5
18672,18673,1
18673,18672,6
18673,18674,3
18674,18673,2
18674,18675,4
18675,18674,3
18675,18676,5
18676,18675,3
18676,18677,4
18677,18676,3
18677,18678,3
18678,18677,2
18678,18679,2
18679,18678,4
18679,18680,4
18680,18679,2
18680,18681,1
18681,18680,3
18681,18682,3
18682,18681,3
18682,18683,4
18683,18682,6
18683,18684,3
18684,18683,3
18684,18685,4
18685,18684,4
18685,18686,2
18686,18685,5
18686,18687,5
18687,18686,1
18687,18688,1
18688,18687,3
18688,18689,4
18689,18688,1
18689,18690,3
18690,18689,6
18690,18691,3
18691,18690,2
18691,18692,5
18692,18691,4
18692,18693,6
18693,18692,2
18693,18694,3
18694,18695,2
18695,18694,2
18695,18696,4
18696,18695,4
18696,18697,4
18697,18696,5
18697,18698,2
18698,18697,2
18698,18699,6
18699,18698,3
18699,18700,5
18700,18699,5
18700,18701,3
18701,18700,4
18701,18702,1
18702,18701,1
18702,18703,1
18703,18702,1
18703,18704,2
18704,18703,5
18704,18705,1
18705,18704,4
18705,18706,4
18706,18705,4
18706,18707,3
18707,18706,2
18707,18708,5
18708,18707,2
18708,18709,4
18709,18710,1
18710,18709,3
18710,18711,1
18711,18710,3
18711,18712,5
18712,18711,7
18712,18713,8
18713,18712,2
18713,18714,2
18714,18713,4
18714,18715,6
18715,18714,5
18715,18716,4
18716,18715,4
18716,18717,5
18717,18716,3
18717,18718,1
18718,18719,2
18719,18718,2
18719,18720,3
18720,18719,2
18721,18720,4
18721,18722,3
18722,18721,2
18722,18723,2
18723,18722,5
18723,18724,1
18724,18723,3
18724,18725,1
18725,18724,4
18725,18726,2
18726,18725,4
18726,18727,5
18727,18726,3
18727,18728,4
18728,18727,7
18728,18729,5
18729,18728,2
18729,18730,1
18730,18729,3
18730,18731,1
18731,18730,2
18731,18732,3
18732,18731,2
18732,18733,7
18733,18732,2
18733,18734,1
18734,18733,2
18735,18734,5
18735,18736,2
18736,18735,1
18736,18737,2
18737,18736,1
18737,18738,1
18738,18737,3
18738,18739,5
18739,18738,1
18739,18740,1
18741,18740,3
18741,18742,1
18742,18741,4
18742,18743,1
18743,18742,2
18743,18744,5
18744,18743,2
18744,18745,2
18745,18744,4
18745,18746,4
18746,18747,2
18747,18746,4
18747,18748,4
18748,18747,2
18748,18749,5
18749,18748,4
18749,18750,1
18750,18749,2
18750,18751,1
18751,18750,6
18751,18752,2
18752,18751,3
18752,18753,1
18753,18754,1
18754,18753,2
18754,18755,3
18755,18754,1
18755,18756,2
18756,18755,1
18756,18757,2
18757,18756,4
18757,18758,2
18758,18757,3
18759,18758,1
18759,18760,4
18760,18759,3
18760,18761,3
18761,18760,4
18761,18762,3
18762,18761,1
18762,18763,2
18763,18762,2
18763,18764,1
18764,18763,4
18764,18765,3
18765,18764,1
18765,18766,2
18766,18765,2
18766,18767,2
18767,18766,2
18768,18767,4
18768,18769,2
18769,18768,4
18769,18770,3
18770,18769,3
18770,18771,7
18771,18770,2
18771,18772,3
18772,18773,1
18773,18772,2
18774,18773,1
18774,18775,1
18775,18774,2
18775,18776,2
18776,18775,1
18776,18777,3
18777,18776,2
18777,18778,5
18778,18777,3
18778,18779,2
18779,18778,3
18779,18780,2
18780,18779,1
18780,18781,2
18781,18780,2
18781,18782,1
18782,18783,2
18783,18782,1
18784,18783,2
18784,18785,1
18785,18784,2
18785,18786,1
18786,18785,1
18786,18787,4
18787,18786,2
18787,18788,2
18788,18787,1
18789,18788,1
18789,18790,1
18790,18789,3
18790,18791,3
18791,18790,3
18791,18792,1
18792,18791,3
18792,18793,1
18793,18792,2
18793,18794,5
18794,18793,2
18795,18794,4
18795,18796,4
18796,18795,1
18796,18797,3
18797,18796,4
18797,18798,2
18798,18797,1
18798,18799,2
18799,18798,2
18799,18800,1
18800,18799,3
18800,18801,2
18801,18800,3
18801,18802,1
18803,18804,3
18804,18803,2
18804,18805,4
18805,18806,4
18806,18805,1
18806,18807,4
18807,18806,1
18808,18807,1
18808,18809,2
18809,18810,2
18810,18809,1
18810,18811,2
18811,18812,4
18812,18811,2
18812,18813,3
18813,18812,1
18813,18814,2
18814,18815,5
18815,18814,1
18815,18816,3
18816,18815,1
18816,18817,1
18817,18816,1
18817,18818,3
18818,18817,1
18818,18819,1
18819,18818,1
18819,18820,2
18820,18819,1
18820,18821,2
18821,18820,3
18821,18822,1
18822,18821,2
18823,18822,2
18823,18824,2
18824,18823,5
18824,18825,1
18825,18824,3
18825,18826,2
18826,18825,2
18826,18827,3
18827,18826,3
18827,18828,1
18828,18827,3
18828,18829,1
18829,18828,3
18829,18830,2
18830,18829,1
18830,18831,4
18831,18830,2
18831,18832,1
18832,18831,4
18832,18833,2
18833,18832,1
18833,18834,4
18834,18833,2
18834,18835,5
18835,18834,3
18835,18836,3
18836,18835,1
18836,18837,3
18837,18836,1
18837,18838,2
18838,18837,4
18839,18838,1
18840,18839,7
18840,18841,5
18841,18840,1
18841,18842,2
18842,18841,1
18842,18843,1
18843,18842,5
18843,18844,2
18844,18843,3
18844,18845,3
18845,18844,2
18845,18846,2
18846,18845,1
18846,18847,2
18847,18846,2
18847,18848,3
18848,18847,1
18848,18849,1
18849,18848,1
18849,18850,2
18850,18849,2
18850,18851,3
18851,18850,3
18852,18851,2
18852,18853,2
18853,18852,2
18853,18854,1
18855,18854,1
18855,18856,2
18856,18855,3
18857,18856,2
18857,18858,2
18858,18857,3
18859,18858,2
18859,18860,6
18860,18859,2
18860,18861,2
18861,18860,2
18861,18862,1
18862,18861,2
18862,18863,2
18863,18864,1
18864,18865,1
18865,18864,2
18865,18866,2
18866,18865,3
18866,18867,3
18867,18866,2
18867,18868,1
18868,18867,2
18868,18869,2
18869,18868,1
18869,18870,1
18870,18869,1
18870,18871,2
18871,18870,5
18872,18871,2
18872,18873,2
18873,18872,1
18873,18874,4
18874,18873,1
18874,18875,1
18875,18874,1
18875,18876,2
18876,18877,1
18877,18876,3
18877,18878,4
18878,18877,1
18878,18879,2
18879,18878,4
18879,18880,1
18880,18879,2
18880,18881,5
18881,18880,2
18881,18882,1
18882,18881,1
18882,18883,1
18883,18882,2
18883,18884,1
18884,18883,4
18884,18885,1
18885,18884,1
18885,18886,4
18886,18887,1
18887,18886,1
18887,18888,1
18888,18889,1
18889,18888,1
18889,18890,1
18890,18889,1
18890,18891,1
18891,18890,1
18891,18892,1
18892,18891,1
18893,18892,1
18893,18894,3
18894,18895,2
18895,18894,2
18895,18896,1
18896,18895,1
18896,18897,1
18897,18896,1
18897,18898,3
18898,18897,2
18898,18899,1
18899,18898,1
18900,18899,4
18900,18901,5
18901,18900,1
18901,18902,2
18902,18901,1
18902,18903,1
18904,18903,1
18904,18905,1
18905,18904,1
18906,18905,3
18906,18907,1
18907,18906,2
18907,18908,3
18908,18907,2
18909,18908,3
18909,18910,3
18910,18911,3
18911,18910,1
18911,18912,3
18912,18911,5
18912,18913,4
18913,18912,2
18913,18914,1
18914,18913,1
18914,18915,2
18915,18914,2
18915,18916,1
18916,18915,2
18916,18917,2
18917,18916,1
18917,18918,1
18918,18917,3
18918,18919,1
18919,18918,2
18919,18920,1
18920,18919,3
18920,18921,3
18921,18920,2
18921,18922,2
18922,18923,2
18923,18922,1
18923,18924,1
18924,18923,1
18924,18925,1
18925,18924,2
18925,18926,3
18926,18927,2
18928,18929,2
18929,18928,2
18929,18930,1
18930,18929,3
18931,18930,2
18931,18932,1
18932,18931,3
18932,18933,3
18933,18932,2
18933,18934,1
18934,18935,4
18935,18934,2
18935,18936,1
18936,18937,2
18937,18936,1
18937,18938,3
18938,18937,1
18938,18939,3
18939,18938,1
18939,18940,5
18940,18941,3
18941,18940,4
18941,18942,1
18942,18941,2
18943,18942,3
18944,18943,1
18944,18945,1
18945,18944,1
18946,18945,1
18946,18947,1
18947,18948,1
18948,18947,1
18949,18948,3
18950,18949,3
18950,18951,3
18951,18950,4
18951,18952,2
18952,18951,2
18952,18953,1
18953,18954,3
18954,18955,1
18955,18954,4
18956,18955,2
18957,18958,6
18958,18957,1
18958,18959,1
18959,18958,1
18960,18959,2
18961,18960,2
18961,18962,2
18962,18961,2
18962,18963,1
18963,18962,2
18964,18963,3
18964,18965,2
18965,18964,2
18966,18965,1
18966,18967,3
18967,18966,1
18967,18968,3
18968,18967,3
18968,18969,4
18970,18969,1
18970,18971,1
18971,18970,4
18972,18971,3
18972,18973,2
18974,18975,2
18975,18974,2
18975,18976,1
18976,18975,2
18976,18977,1
18978,18979,2
18980,18979,1
18981,18980,2
18982,18981,1
18982,18983,5
18983,18982,1
18983,18984,2
18984,18985,1
18985,18984,1
18985,18986,1
18986,18985,1
18986,18987,1
18987,18986,1
18988,18989,1
18989,18988,3
18989,18990,2
18990,18991,1
18991,18990,2
18991,18992,1
18993,18992,2
18993,18994,1
18994,18993,1
18994,18995,2
18995,18994,1
18996,18995,1
18996,18997,1
18998,18997,1
18999,18998,1
18999,19000,1
19000,19001,1
19001,19002,3
19003,19004,1
19004,19005,3
19005,19006,1
19006,19007,3
19007,19006,2
19007,19008,1
19008,19007,1
19009,19010,1
19010,19009,1
19011,19010,1
19011,19012,1
19012,19011,2
19012,19013,3
19013,19014,2
19014,19013,1
19015,19014,1
19015,19016,3
19017,19016,1
19018,19017,1
19018,19019,3
19019,19018,3
19020,19021,2
19021,19022,1
19022,19021,1
19022,19023,2
19024,19023,1
19025,19024,1
19025,19026,1
19026,19025,1
19026,19027,1
19027,19028,1
19028,19027,1
19028,19029,2
19029,19028,1
19029,19030,2
19031,19032,1
19032,19031,2
19033,19032,2
19034,19035,2
19037,19036,2
19039,19038,2
19039,19040,1
19040,19039,1
19040,19041,2
19041,19040,1
19042,19041,3
19042,19043,1
19043,19044,1
19044,19043,1
19044,19045,1
19045,19044,1
19045,19046,1
19046,19047,1
19047,19048,1
19048,19047,1
19051,19052,1
19052,19051,2
19052,19053,3
19054,19055,3
19055,19054,1
19056,19055,1
19056,19057,1
19057,19056,1
19058,19057,1
19058,19059,1
19059,19058,4
19059,19060,1
19060,19059,1
19060,19061,1
19061,19062,1
19062,19061,2
19063,19062,1
19063,19064,1
19065,19066,5
19067,19066,2
19067,19068,2
19069,19068,1
19069,19070,1
19070,19069,1
19070,19071,1
19071,19070,1
19071,19072,1
19072,19073,1
19073,19072,3
19074,19075,2
19075,19074,1
19077,19076,1
19077,19078,1
19078,19077,1
19079,19078,1
19079,19080,2
19081,19080,1
19084,19083,2
19085,19084,2
19086,19085,1
19086,19087,6
19087,19086,1
19088,19087,1
19088,19089,1
19090,19091,2
19091,19090,1
19091,19092,2
19092,19091,3
19094,19093,2
19094,19095,1
19097,19096,2
19097,19098,1
19098,19097,1
19099,19098,2
19099,19100,2
19101,19100,1
19102,19103,1
19103,19102,1
19103,19104,2
19104,19105,1
19105,19104,1
19105,19106,1
19106,19107,2
19107,19108,1
19109,19108,1
19110,19109,1
19111,19112,1
19112,19113,2
19113,19112,1
19113,19114,1
19116,19115,1
19117,19116,1
19118,19117,2
19119,19118,1
19119,19120,1
19120,19119,1
19121,19122,1
19122,19121,2
19123,19122,2
19125,19124,1
19125,19126,1
19126,19127,2
19127,19126,1
19127,19128,1
19128,19127,1
19129,19128,3
19129,19130,3
19130,19129,1
19130,19131,1
19131,19130,1
19132,19131,1
19133,19134,1
19135,19134,1
19135,19136,1
19136,19137,1
19138,19139,1
19141,19140,1
19141,19142,1
19142,19141,1
19142,19143,1
19144,19143,2
19144,19145,1
19145,19146,2
19149,19150,1
19150,19149,3
19150,19151,1
19154,19153,1
19156,19157,1
19157,19156,1
19157,19158,1
19158,19159,1
19159,19158,1
19160,19159,1
19160,19161,1
19162,19163,1
19163,19162,2
19163,19164,1
19164,19163,1
19166,19167,1
19167,19168,1
19169,19168,1
19170,19171,1
19173,19174,1
19174,19175,1
19175,19176,1
19176,19175,1
19181,19182,1
19182,19181,1
19183,19182,1
19187,19188,1
19189,19188,1
19191,19190,2
19191,19192,2
19193,19192,1
19193,19194,2
19195,19196,1
19199,19198,2
19199,19200,1
19200,19201,1
19201,19202,1
19202,19201,1
19204,19203,1
19207,19206,2
19208,19209,1
19210,19209,2
19212,19213,2
19213,19212,1
19218,19219,1
19219,19220,1
19221,19220,1
19227,19226,1
19227,19228,1
19231,19232,1
19233,19232,2
19233,19234,1
19238,19237,1
19242,19243,1
19244,19243,1
19244,19245,1
19245,19244,1
19245,19246,1
19246,19247,1
19249,19250,1
19250,19249,1
19254,19253,2
19254,19255,1
19257,19256,2
19258,19257,1
19259,19260,1
19264,19263,1
19265,19264,1
19266,19267,1
19268,19269,1
19270,19271,1
19271,19272,1
19273,19274,1
19280,19279,2
19281,19282,1
19282,19281,1
19282,19283,1
19284,19283,1
19287,19286,1
19291,19292,1
19293,19292,1
19294,19295,1
19296,19297,1
19298,19297,1
19300,19301,1
19301,19300,1
19301,19302,1
19305,19306,1
19308,19309,1
19310,19309,1
19311,19312,1
19312,19311,1
19314,19313,2
19315,19316,1
19322,19323,1
19323,19322,1
19326,19325,1
19332,19331,1
19334,19335,1
19338,19337,1
19342,19341,1
19343,19342,1
19355,19356,1
19356,19355,1
19356,19357,1
19359,19360,2
19363,19364,1
19364,19363,1
19380,19381,1
19384,19383,1
19387,19386,1
19390,19389,1
19396,19397,1
19399,19400,1
19412,19413,1
19413,19414,1
19418,19419,1
19419,19418,1
19421,19422,1
19425,19424,1
19435,19436,1
19436,19435,1
19444,19443,1
19448,19447,1
19451,19452,1
19459,19460,1
19464,19463,1
19487,19488,1
19498,19499,1
19502,19501,2
19503,19502,1
19518,19519,1
19523,19524,1
19555,19554,1
19560,19559,1
19581,19580,1
19595,19596,1
19603,19602,1
19609,19608,1
19622,19623,1
19654,19655,1
19656,19657,1
19707,19708,1
38203,38154,1
39144,39199,1
39340,39159,1
39480,39473,1
40320,40244,1
40536,40544,1
40582,40530,1
40866,41001,1
40993,41115,1
40994,40806,1
41172,41083,1
41611,41567,1
41826,41824,1
42019,42028,1
42085,42059,1
42274,42303,1
42283,42287,1
42461,42400,1
42534,42541,1
42758,42759,1
42762,42788,1
42901,42910,1
43106,43114,1
43127,43122,1
43135,43159,1
43332,43337,1
43376,43318,1
43454,43467,1
43457,43445,1
43460,43452,1
43470,43468,1
43511,43526,1
43573,43565,1
43578,43591,1
43673,43688,1
43712,43704,1
43735,43736,1
43740,43778,1
43851,43849,1
43908,43901,1
43927,43939,1
43954,43956,1
43967,43957,1
44038,44040,1
44049,44054,1
44053,44056,1
44054,44049,1
44084,44082,1
44090,44093,1
44102,44109,1
44105,44107,1
44112,44101,1
44118,44119,1
44183,44182,1
44223,44222,1
44225,44224,1
44227,44223,1
44307,44315,1
44311,44318,1
44370,44369,1
44394,44395,1
44416,44401,1
44443,44439,1
44478,44480,1
44485,44455,1
44518,44522,1
44528,44524,1
44543,44569,1
44562,44561,1
44590,44598,1
44604,44609,1
44667,44666,1
44681,44679,1
44692,44691,1
44696,44693,1
44731,44736,1
44736,44739,1
44761,44764,1
44785,44777,1
44999,45019,1
45059,45058,1
45078,45079,1
45082,45080,1
45089,45099,1
45112,45113,1
45114,45112,1
45164,45162,1
45180,45177,1
45196,45197,1
45201,45200,1
45245,45248,1
45289,45287,1
45294,45292,1
45295,45298,1
45301,45295,1
45310,45313,1
45335,45331,1
45347,45345,1
45405,45404,1
45458,45443,1
45474,45470,1
45483,45481,1
45493,45492,1
45496,45494,1
45502,45509,1
45509,45511,1
45510,45518,1
45558,45550,1
45572,45574,1
45604,45603,1
45644,45645,1
45668,45672,1
45671,45672,1
45696,45691,1
45797,45793,1
45810,45813,1
45863,45864,1
45869,45871,1
45874,45875,1
45884,45891,1
45889,45890,1
45896,45897,1
46013,46019,1
46025,46024,1
46056,46069,1
46095,46096,1
46112,46106,1
46116,46117,1
46126,46125,1
46145,46146,1
46161,46159,1
46169,46168,1
46188,46187,1
46195,46196,1
46202,46203,1
46226,46225,1
46241,46240,2
46245,46246,1
46300,46301,1
46309,46310,1
46328,46327,1
46371,46373,1
46378,46377,1
46391,46393,1
46398,46399,1
46435,46434,1
46465,46461,1
46465,46464,1
46467,46468,1
46473,46474,1
46483,46485,1
46532,46533,1
46534,46532,1
46536,46537,1
46559,46566,1
46578,46579,1
46632,46633,1
46650,46651,1
46653,46655,1
46657,46665,1
46669,46670,1
46707,46708,1
46720,46719,1
46787,46786,1
46799,46797,1
46838,46842,1
46856,46853,1
46868,46869,1
46911,46907,1
46915,46918,1
46927,46926,1
46941,46942,1
46942,46944,1
46975,46976,1
47046,47047,1
47100,47101,1
47110,47111,1
47146,47145,1
47176,47177,1
47191,47192,1
47200,47199,1
47213,47212,1
47235,47236,1
47255,47257,1
47258,47256,1
47268,47267,1
47270,47268,1
47292,47293,1
47309,47308,1
47316,47313,1
47319,47320,1
47326,47327,1
47344,47341,1
47349,47350,1
47365,47364,1
47399,47398,1
47420,47421,1
47425,47429,1
47436,47438,1
47442,47443,1
47458,47457,1
47503,47501,1
47517,47515,1
47519,47520,1
47522,47520,1
47523,47521,1
47546,47548,1
47555,47554,1
47579,47578,1
47587,47588,1
47592,47591,1
47605,47606,1
47621,47623,1
47668,47667,2
47689,47690,1
47693,47685,1
47702,47701,1
47703,47697,1
47706,47708,1
47741,47742,1
47753,47755,1
47754,47755,1
47773,47776,1
47787,47788,1
47797,47798,1
47799,47797,1
47799,47798,1
47805,47804,1
47829,47830,1
47852,47853,2
47854,47856,1
47859,47858,1
47865,47864,1
47891,47890,1
47916,47917,1
47920,47919,1
48003,47999,1
48022,48023,1
48026,48028,1
48071,48074,1
48077,48078,1
48111,48110,1
48129,48128,1
48207,48206,1
48247,48246,1
48262,48263,1
48284,48283,1
48286,48285,1
48348,48349,1
48374,48373,1
48375,48376,1
48468,48467,1
48481,48480,1
48514,48515,1
48558,48557,1
48649,48648,1
48651,48652,1
48666,48667,1
48727,48729,1
48759,48758,1
48836,48834,1
48850,48849,1
48851,48852,1
48872,48873,1
48877,48875,1
48905,48904,1
48917,48916,1
49022,49023,1
49149,49148,1
49155,49153,1
49158,49157,1
49186,49185,1
49199,49198,1
49216,49217,1
49295,49294,1
49297,49298,1
49395,49396,1
49887,49886,1
